ARM GAS  /tmp/cc8wgXJU.s 			page 1


   1              		.cpu cortex-m4
   2              		.eabi_attribute 27, 1
   3              		.eabi_attribute 28, 1
   4              		.eabi_attribute 20, 1
   5              		.eabi_attribute 21, 1
   6              		.eabi_attribute 23, 3
   7              		.eabi_attribute 24, 1
   8              		.eabi_attribute 25, 1
   9              		.eabi_attribute 26, 1
  10              		.eabi_attribute 30, 1
  11              		.eabi_attribute 34, 1
  12              		.eabi_attribute 18, 4
  13              		.file	"main.c"
  14              		.text
  15              	.Ltext0:
  16              		.cfi_sections	.debug_frame
  17              		.section	.text.MX_GPIO_Init,"ax",%progbits
  18              		.align	1
  19              		.arch armv7e-m
  20              		.syntax unified
  21              		.thumb
  22              		.thumb_func
  23              		.fpu fpv4-sp-d16
  25              	MX_GPIO_Init:
  26              	.LFB143:
  27              		.file 1 "Core/Src/main.c"
   1:Core/Src/main.c **** /* USER CODE BEGIN Header */
   2:Core/Src/main.c **** /**
   3:Core/Src/main.c ****   ******************************************************************************
   4:Core/Src/main.c ****   * @file           : main.c
   5:Core/Src/main.c ****   * @brief          : Main program body
   6:Core/Src/main.c ****   ******************************************************************************
   7:Core/Src/main.c ****   * @attention
   8:Core/Src/main.c ****   *
   9:Core/Src/main.c ****   * Copyright (c) 2026 STMicroelectronics.
  10:Core/Src/main.c ****   * All rights reserved.
  11:Core/Src/main.c ****   *
  12:Core/Src/main.c ****   * This software is licensed under terms that can be found in the LICENSE file
  13:Core/Src/main.c ****   * in the root directory of this software component.
  14:Core/Src/main.c ****   * If no LICENSE file comes with this software, it is provided AS-IS.
  15:Core/Src/main.c ****   *
  16:Core/Src/main.c ****   ******************************************************************************
  17:Core/Src/main.c ****   */
  18:Core/Src/main.c **** /* USER CODE END Header */
  19:Core/Src/main.c **** /* Includes ------------------------------------------------------------------*/
  20:Core/Src/main.c **** #include "main.h"
  21:Core/Src/main.c **** 
  22:Core/Src/main.c **** /* Private includes ----------------------------------------------------------*/
  23:Core/Src/main.c **** /* USER CODE BEGIN Includes */
  24:Core/Src/main.c **** 
  25:Core/Src/main.c **** /* USER CODE END Includes */
  26:Core/Src/main.c **** 
  27:Core/Src/main.c **** /* Private typedef -----------------------------------------------------------*/
  28:Core/Src/main.c **** /* USER CODE BEGIN PTD */
  29:Core/Src/main.c **** 
  30:Core/Src/main.c **** /* USER CODE END PTD */
  31:Core/Src/main.c **** 
ARM GAS  /tmp/cc8wgXJU.s 			page 2


  32:Core/Src/main.c **** /* Private define ------------------------------------------------------------*/
  33:Core/Src/main.c **** /* USER CODE BEGIN PD */
  34:Core/Src/main.c **** 
  35:Core/Src/main.c **** /* USER CODE END PD */
  36:Core/Src/main.c **** 
  37:Core/Src/main.c **** /* Private macro -------------------------------------------------------------*/
  38:Core/Src/main.c **** /* USER CODE BEGIN PM */
  39:Core/Src/main.c **** 
  40:Core/Src/main.c **** /* USER CODE END PM */
  41:Core/Src/main.c **** 
  42:Core/Src/main.c **** /* Private variables ---------------------------------------------------------*/
  43:Core/Src/main.c **** CAN_HandleTypeDef hcan1;
  44:Core/Src/main.c **** CAN_HandleTypeDef hcan2;
  45:Core/Src/main.c **** 
  46:Core/Src/main.c **** TIM_HandleTypeDef htim1;
  47:Core/Src/main.c **** 
  48:Core/Src/main.c **** UART_HandleTypeDef huart4;
  49:Core/Src/main.c **** UART_HandleTypeDef huart1;
  50:Core/Src/main.c **** UART_HandleTypeDef huart2;
  51:Core/Src/main.c **** UART_HandleTypeDef huart3;
  52:Core/Src/main.c **** 
  53:Core/Src/main.c **** /* USER CODE BEGIN PV */
  54:Core/Src/main.c **** 
  55:Core/Src/main.c **** /* USER CODE END PV */
  56:Core/Src/main.c **** 
  57:Core/Src/main.c **** /* Private function prototypes -----------------------------------------------*/
  58:Core/Src/main.c **** void SystemClock_Config(void);
  59:Core/Src/main.c **** static void MX_GPIO_Init(void);
  60:Core/Src/main.c **** static void MX_CAN1_Init(void);
  61:Core/Src/main.c **** static void MX_CAN2_Init(void);
  62:Core/Src/main.c **** static void MX_TIM1_Init(void);
  63:Core/Src/main.c **** static void MX_UART4_Init(void);
  64:Core/Src/main.c **** static void MX_USART1_UART_Init(void);
  65:Core/Src/main.c **** static void MX_USART2_UART_Init(void);
  66:Core/Src/main.c **** static void MX_USART3_UART_Init(void);
  67:Core/Src/main.c **** /* USER CODE BEGIN PFP */
  68:Core/Src/main.c **** 
  69:Core/Src/main.c **** /* USER CODE END PFP */
  70:Core/Src/main.c **** 
  71:Core/Src/main.c **** /* Private user code ---------------------------------------------------------*/
  72:Core/Src/main.c **** /* USER CODE BEGIN 0 */
  73:Core/Src/main.c **** 
  74:Core/Src/main.c **** /* USER CODE END 0 */
  75:Core/Src/main.c **** 
  76:Core/Src/main.c **** /**
  77:Core/Src/main.c ****   * @brief  The application entry point.
  78:Core/Src/main.c ****   * @retval int
  79:Core/Src/main.c ****   */
  80:Core/Src/main.c **** int main(void)
  81:Core/Src/main.c **** {
  82:Core/Src/main.c **** 
  83:Core/Src/main.c ****   /* USER CODE BEGIN 1 */
  84:Core/Src/main.c **** 
  85:Core/Src/main.c ****   /* USER CODE END 1 */
  86:Core/Src/main.c **** 
  87:Core/Src/main.c ****   /* MCU Configuration--------------------------------------------------------*/
  88:Core/Src/main.c **** 
ARM GAS  /tmp/cc8wgXJU.s 			page 3


  89:Core/Src/main.c ****   /* Reset of all peripherals, Initializes the Flash interface and the Systick. */
  90:Core/Src/main.c ****   HAL_Init();
  91:Core/Src/main.c **** 
  92:Core/Src/main.c ****   /* USER CODE BEGIN Init */
  93:Core/Src/main.c **** 
  94:Core/Src/main.c ****   /* USER CODE END Init */
  95:Core/Src/main.c **** 
  96:Core/Src/main.c ****   /* Configure the system clock */
  97:Core/Src/main.c ****   SystemClock_Config();
  98:Core/Src/main.c **** 
  99:Core/Src/main.c ****   /* USER CODE BEGIN SysInit */
 100:Core/Src/main.c **** 
 101:Core/Src/main.c ****   /* USER CODE END SysInit */
 102:Core/Src/main.c **** 
 103:Core/Src/main.c ****   /* Initialize all configured peripherals */
 104:Core/Src/main.c ****   MX_GPIO_Init();
 105:Core/Src/main.c ****   MX_CAN1_Init();
 106:Core/Src/main.c ****   MX_CAN2_Init();
 107:Core/Src/main.c ****   MX_TIM1_Init();
 108:Core/Src/main.c ****   MX_UART4_Init();
 109:Core/Src/main.c ****   MX_USART1_UART_Init();
 110:Core/Src/main.c ****   MX_USART2_UART_Init();
 111:Core/Src/main.c ****   MX_USART3_UART_Init();
 112:Core/Src/main.c ****   /* USER CODE BEGIN 2 */
 113:Core/Src/main.c **** 
 114:Core/Src/main.c ****   /* USER CODE END 2 */
 115:Core/Src/main.c **** 
 116:Core/Src/main.c ****   /* Infinite loop */
 117:Core/Src/main.c ****   /* USER CODE BEGIN WHILE */
 118:Core/Src/main.c ****   while (1)
 119:Core/Src/main.c ****   {
 120:Core/Src/main.c ****     /* USER CODE END WHILE */
 121:Core/Src/main.c **** 
 122:Core/Src/main.c ****     /* USER CODE BEGIN 3 */
 123:Core/Src/main.c ****   }
 124:Core/Src/main.c ****   /* USER CODE END 3 */
 125:Core/Src/main.c **** }
 126:Core/Src/main.c **** 
 127:Core/Src/main.c **** /**
 128:Core/Src/main.c ****   * @brief System Clock Configuration
 129:Core/Src/main.c ****   * @retval None
 130:Core/Src/main.c ****   */
 131:Core/Src/main.c **** void SystemClock_Config(void)
 132:Core/Src/main.c **** {
 133:Core/Src/main.c ****   RCC_OscInitTypeDef RCC_OscInitStruct = {0};
 134:Core/Src/main.c ****   RCC_ClkInitTypeDef RCC_ClkInitStruct = {0};
 135:Core/Src/main.c **** 
 136:Core/Src/main.c ****   /** Configure the main internal regulator output voltage
 137:Core/Src/main.c ****   */
 138:Core/Src/main.c ****   __HAL_RCC_PWR_CLK_ENABLE();
 139:Core/Src/main.c ****   __HAL_PWR_VOLTAGESCALING_CONFIG(PWR_REGULATOR_VOLTAGE_SCALE1);
 140:Core/Src/main.c **** 
 141:Core/Src/main.c ****   /** Initializes the RCC Oscillators according to the specified parameters
 142:Core/Src/main.c ****   * in the RCC_OscInitTypeDef structure.
 143:Core/Src/main.c ****   */
 144:Core/Src/main.c ****   RCC_OscInitStruct.OscillatorType = RCC_OSCILLATORTYPE_HSE;
 145:Core/Src/main.c ****   RCC_OscInitStruct.HSEState = RCC_HSE_ON;
ARM GAS  /tmp/cc8wgXJU.s 			page 4


 146:Core/Src/main.c ****   RCC_OscInitStruct.PLL.PLLState = RCC_PLL_ON;
 147:Core/Src/main.c ****   RCC_OscInitStruct.PLL.PLLSource = RCC_PLLSOURCE_HSE;
 148:Core/Src/main.c ****   RCC_OscInitStruct.PLL.PLLM = 6;
 149:Core/Src/main.c ****   RCC_OscInitStruct.PLL.PLLN = 180;
 150:Core/Src/main.c ****   RCC_OscInitStruct.PLL.PLLP = RCC_PLLP_DIV2;
 151:Core/Src/main.c ****   RCC_OscInitStruct.PLL.PLLQ = 7;
 152:Core/Src/main.c ****   RCC_OscInitStruct.PLL.PLLR = 2;
 153:Core/Src/main.c ****   if (HAL_RCC_OscConfig(&RCC_OscInitStruct) != HAL_OK)
 154:Core/Src/main.c ****   {
 155:Core/Src/main.c ****     Error_Handler();
 156:Core/Src/main.c ****   }
 157:Core/Src/main.c **** 
 158:Core/Src/main.c ****   /** Activate the Over-Drive mode
 159:Core/Src/main.c ****   */
 160:Core/Src/main.c ****   if (HAL_PWREx_EnableOverDrive() != HAL_OK)
 161:Core/Src/main.c ****   {
 162:Core/Src/main.c ****     Error_Handler();
 163:Core/Src/main.c ****   }
 164:Core/Src/main.c **** 
 165:Core/Src/main.c ****   /** Initializes the CPU, AHB and APB buses clocks
 166:Core/Src/main.c ****   */
 167:Core/Src/main.c ****   RCC_ClkInitStruct.ClockType = RCC_CLOCKTYPE_HCLK|RCC_CLOCKTYPE_SYSCLK
 168:Core/Src/main.c ****                               |RCC_CLOCKTYPE_PCLK1|RCC_CLOCKTYPE_PCLK2;
 169:Core/Src/main.c ****   RCC_ClkInitStruct.SYSCLKSource = RCC_SYSCLKSOURCE_PLLCLK;
 170:Core/Src/main.c ****   RCC_ClkInitStruct.AHBCLKDivider = RCC_SYSCLK_DIV1;
 171:Core/Src/main.c ****   RCC_ClkInitStruct.APB1CLKDivider = RCC_HCLK_DIV4;
 172:Core/Src/main.c ****   RCC_ClkInitStruct.APB2CLKDivider = RCC_HCLK_DIV2;
 173:Core/Src/main.c **** 
 174:Core/Src/main.c ****   if (HAL_RCC_ClockConfig(&RCC_ClkInitStruct, FLASH_LATENCY_5) != HAL_OK)
 175:Core/Src/main.c ****   {
 176:Core/Src/main.c ****     Error_Handler();
 177:Core/Src/main.c ****   }
 178:Core/Src/main.c **** }
 179:Core/Src/main.c **** 
 180:Core/Src/main.c **** /**
 181:Core/Src/main.c ****   * @brief CAN1 Initialization Function
 182:Core/Src/main.c ****   * @param None
 183:Core/Src/main.c ****   * @retval None
 184:Core/Src/main.c ****   */
 185:Core/Src/main.c **** static void MX_CAN1_Init(void)
 186:Core/Src/main.c **** {
 187:Core/Src/main.c **** 
 188:Core/Src/main.c ****   /* USER CODE BEGIN CAN1_Init 0 */
 189:Core/Src/main.c **** 
 190:Core/Src/main.c ****   /* USER CODE END CAN1_Init 0 */
 191:Core/Src/main.c **** 
 192:Core/Src/main.c ****   /* USER CODE BEGIN CAN1_Init 1 */
 193:Core/Src/main.c **** 
 194:Core/Src/main.c ****   /* USER CODE END CAN1_Init 1 */
 195:Core/Src/main.c ****   hcan1.Instance = CAN1;
 196:Core/Src/main.c ****   hcan1.Init.Prescaler = 3;
 197:Core/Src/main.c ****   hcan1.Init.Mode = CAN_MODE_LOOPBACK;
 198:Core/Src/main.c ****   hcan1.Init.SyncJumpWidth = CAN_SJW_1TQ;
 199:Core/Src/main.c ****   hcan1.Init.TimeSeg1 = CAN_BS1_11TQ;
 200:Core/Src/main.c ****   hcan1.Init.TimeSeg2 = CAN_BS2_3TQ;
 201:Core/Src/main.c ****   hcan1.Init.TimeTriggeredMode = DISABLE;
 202:Core/Src/main.c ****   hcan1.Init.AutoBusOff = DISABLE;
ARM GAS  /tmp/cc8wgXJU.s 			page 5


 203:Core/Src/main.c ****   hcan1.Init.AutoWakeUp = DISABLE;
 204:Core/Src/main.c ****   hcan1.Init.AutoRetransmission = ENABLE;
 205:Core/Src/main.c ****   hcan1.Init.ReceiveFifoLocked = DISABLE;
 206:Core/Src/main.c ****   hcan1.Init.TransmitFifoPriority = DISABLE;
 207:Core/Src/main.c ****   if (HAL_CAN_Init(&hcan1) != HAL_OK)
 208:Core/Src/main.c ****   {
 209:Core/Src/main.c ****     Error_Handler();
 210:Core/Src/main.c ****   }
 211:Core/Src/main.c ****   /* USER CODE BEGIN CAN1_Init 2 */
 212:Core/Src/main.c **** 
 213:Core/Src/main.c ****   /* USER CODE END CAN1_Init 2 */
 214:Core/Src/main.c **** 
 215:Core/Src/main.c **** }
 216:Core/Src/main.c **** 
 217:Core/Src/main.c **** /**
 218:Core/Src/main.c ****   * @brief CAN2 Initialization Function
 219:Core/Src/main.c ****   * @param None
 220:Core/Src/main.c ****   * @retval None
 221:Core/Src/main.c ****   */
 222:Core/Src/main.c **** static void MX_CAN2_Init(void)
 223:Core/Src/main.c **** {
 224:Core/Src/main.c **** 
 225:Core/Src/main.c ****   /* USER CODE BEGIN CAN2_Init 0 */
 226:Core/Src/main.c **** 
 227:Core/Src/main.c ****   /* USER CODE END CAN2_Init 0 */
 228:Core/Src/main.c **** 
 229:Core/Src/main.c ****   /* USER CODE BEGIN CAN2_Init 1 */
 230:Core/Src/main.c **** 
 231:Core/Src/main.c ****   /* USER CODE END CAN2_Init 1 */
 232:Core/Src/main.c ****   hcan2.Instance = CAN2;
 233:Core/Src/main.c ****   hcan2.Init.Prescaler = 3;
 234:Core/Src/main.c ****   hcan2.Init.Mode = CAN_MODE_LOOPBACK;
 235:Core/Src/main.c ****   hcan2.Init.SyncJumpWidth = CAN_SJW_1TQ;
 236:Core/Src/main.c ****   hcan2.Init.TimeSeg1 = CAN_BS1_11TQ;
 237:Core/Src/main.c ****   hcan2.Init.TimeSeg2 = CAN_BS2_3TQ;
 238:Core/Src/main.c ****   hcan2.Init.TimeTriggeredMode = DISABLE;
 239:Core/Src/main.c ****   hcan2.Init.AutoBusOff = DISABLE;
 240:Core/Src/main.c ****   hcan2.Init.AutoWakeUp = DISABLE;
 241:Core/Src/main.c ****   hcan2.Init.AutoRetransmission = ENABLE;
 242:Core/Src/main.c ****   hcan2.Init.ReceiveFifoLocked = DISABLE;
 243:Core/Src/main.c ****   hcan2.Init.TransmitFifoPriority = DISABLE;
 244:Core/Src/main.c ****   if (HAL_CAN_Init(&hcan2) != HAL_OK)
 245:Core/Src/main.c ****   {
 246:Core/Src/main.c ****     Error_Handler();
 247:Core/Src/main.c ****   }
 248:Core/Src/main.c ****   /* USER CODE BEGIN CAN2_Init 2 */
 249:Core/Src/main.c **** 
 250:Core/Src/main.c ****   /* USER CODE END CAN2_Init 2 */
 251:Core/Src/main.c **** 
 252:Core/Src/main.c **** }
 253:Core/Src/main.c **** 
 254:Core/Src/main.c **** /**
 255:Core/Src/main.c ****   * @brief TIM1 Initialization Function
 256:Core/Src/main.c ****   * @param None
 257:Core/Src/main.c ****   * @retval None
 258:Core/Src/main.c ****   */
 259:Core/Src/main.c **** static void MX_TIM1_Init(void)
ARM GAS  /tmp/cc8wgXJU.s 			page 6


 260:Core/Src/main.c **** {
 261:Core/Src/main.c **** 
 262:Core/Src/main.c ****   /* USER CODE BEGIN TIM1_Init 0 */
 263:Core/Src/main.c **** 
 264:Core/Src/main.c ****   /* USER CODE END TIM1_Init 0 */
 265:Core/Src/main.c **** 
 266:Core/Src/main.c ****   TIM_MasterConfigTypeDef sMasterConfig = {0};
 267:Core/Src/main.c ****   TIM_OC_InitTypeDef sConfigOC = {0};
 268:Core/Src/main.c ****   TIM_BreakDeadTimeConfigTypeDef sBreakDeadTimeConfig = {0};
 269:Core/Src/main.c **** 
 270:Core/Src/main.c ****   /* USER CODE BEGIN TIM1_Init 1 */
 271:Core/Src/main.c **** 
 272:Core/Src/main.c ****   /* USER CODE END TIM1_Init 1 */
 273:Core/Src/main.c ****   htim1.Instance = TIM1;
 274:Core/Src/main.c ****   htim1.Init.Prescaler = 0;
 275:Core/Src/main.c ****   htim1.Init.CounterMode = TIM_COUNTERMODE_UP;
 276:Core/Src/main.c ****   htim1.Init.Period = 65535;
 277:Core/Src/main.c ****   htim1.Init.ClockDivision = TIM_CLOCKDIVISION_DIV1;
 278:Core/Src/main.c ****   htim1.Init.RepetitionCounter = 0;
 279:Core/Src/main.c ****   htim1.Init.AutoReloadPreload = TIM_AUTORELOAD_PRELOAD_DISABLE;
 280:Core/Src/main.c ****   if (HAL_TIM_PWM_Init(&htim1) != HAL_OK)
 281:Core/Src/main.c ****   {
 282:Core/Src/main.c ****     Error_Handler();
 283:Core/Src/main.c ****   }
 284:Core/Src/main.c ****   sMasterConfig.MasterOutputTrigger = TIM_TRGO_RESET;
 285:Core/Src/main.c ****   sMasterConfig.MasterSlaveMode = TIM_MASTERSLAVEMODE_DISABLE;
 286:Core/Src/main.c ****   if (HAL_TIMEx_MasterConfigSynchronization(&htim1, &sMasterConfig) != HAL_OK)
 287:Core/Src/main.c ****   {
 288:Core/Src/main.c ****     Error_Handler();
 289:Core/Src/main.c ****   }
 290:Core/Src/main.c ****   sConfigOC.OCMode = TIM_OCMODE_PWM1;
 291:Core/Src/main.c ****   sConfigOC.Pulse = 0;
 292:Core/Src/main.c ****   sConfigOC.OCPolarity = TIM_OCPOLARITY_HIGH;
 293:Core/Src/main.c ****   sConfigOC.OCNPolarity = TIM_OCNPOLARITY_HIGH;
 294:Core/Src/main.c ****   sConfigOC.OCFastMode = TIM_OCFAST_DISABLE;
 295:Core/Src/main.c ****   sConfigOC.OCIdleState = TIM_OCIDLESTATE_RESET;
 296:Core/Src/main.c ****   sConfigOC.OCNIdleState = TIM_OCNIDLESTATE_RESET;
 297:Core/Src/main.c ****   if (HAL_TIM_PWM_ConfigChannel(&htim1, &sConfigOC, TIM_CHANNEL_2) != HAL_OK)
 298:Core/Src/main.c ****   {
 299:Core/Src/main.c ****     Error_Handler();
 300:Core/Src/main.c ****   }
 301:Core/Src/main.c ****   if (HAL_TIM_PWM_ConfigChannel(&htim1, &sConfigOC, TIM_CHANNEL_3) != HAL_OK)
 302:Core/Src/main.c ****   {
 303:Core/Src/main.c ****     Error_Handler();
 304:Core/Src/main.c ****   }
 305:Core/Src/main.c ****   sBreakDeadTimeConfig.OffStateRunMode = TIM_OSSR_DISABLE;
 306:Core/Src/main.c ****   sBreakDeadTimeConfig.OffStateIDLEMode = TIM_OSSI_DISABLE;
 307:Core/Src/main.c ****   sBreakDeadTimeConfig.LockLevel = TIM_LOCKLEVEL_OFF;
 308:Core/Src/main.c ****   sBreakDeadTimeConfig.DeadTime = 0;
 309:Core/Src/main.c ****   sBreakDeadTimeConfig.BreakState = TIM_BREAK_DISABLE;
 310:Core/Src/main.c ****   sBreakDeadTimeConfig.BreakPolarity = TIM_BREAKPOLARITY_HIGH;
 311:Core/Src/main.c ****   sBreakDeadTimeConfig.AutomaticOutput = TIM_AUTOMATICOUTPUT_DISABLE;
 312:Core/Src/main.c ****   if (HAL_TIMEx_ConfigBreakDeadTime(&htim1, &sBreakDeadTimeConfig) != HAL_OK)
 313:Core/Src/main.c ****   {
 314:Core/Src/main.c ****     Error_Handler();
 315:Core/Src/main.c ****   }
 316:Core/Src/main.c ****   /* USER CODE BEGIN TIM1_Init 2 */
ARM GAS  /tmp/cc8wgXJU.s 			page 7


 317:Core/Src/main.c **** 
 318:Core/Src/main.c ****   /* USER CODE END TIM1_Init 2 */
 319:Core/Src/main.c ****   HAL_TIM_MspPostInit(&htim1);
 320:Core/Src/main.c **** 
 321:Core/Src/main.c **** }
 322:Core/Src/main.c **** 
 323:Core/Src/main.c **** /**
 324:Core/Src/main.c ****   * @brief UART4 Initialization Function
 325:Core/Src/main.c ****   * @param None
 326:Core/Src/main.c ****   * @retval None
 327:Core/Src/main.c ****   */
 328:Core/Src/main.c **** static void MX_UART4_Init(void)
 329:Core/Src/main.c **** {
 330:Core/Src/main.c **** 
 331:Core/Src/main.c ****   /* USER CODE BEGIN UART4_Init 0 */
 332:Core/Src/main.c **** 
 333:Core/Src/main.c ****   /* USER CODE END UART4_Init 0 */
 334:Core/Src/main.c **** 
 335:Core/Src/main.c ****   /* USER CODE BEGIN UART4_Init 1 */
 336:Core/Src/main.c **** 
 337:Core/Src/main.c ****   /* USER CODE END UART4_Init 1 */
 338:Core/Src/main.c ****   huart4.Instance = UART4;
 339:Core/Src/main.c ****   huart4.Init.BaudRate = 115200;
 340:Core/Src/main.c ****   huart4.Init.WordLength = UART_WORDLENGTH_8B;
 341:Core/Src/main.c ****   huart4.Init.StopBits = UART_STOPBITS_1;
 342:Core/Src/main.c ****   huart4.Init.Parity = UART_PARITY_NONE;
 343:Core/Src/main.c ****   huart4.Init.Mode = UART_MODE_TX_RX;
 344:Core/Src/main.c ****   huart4.Init.HwFlowCtl = UART_HWCONTROL_NONE;
 345:Core/Src/main.c ****   huart4.Init.OverSampling = UART_OVERSAMPLING_16;
 346:Core/Src/main.c ****   if (HAL_UART_Init(&huart4) != HAL_OK)
 347:Core/Src/main.c ****   {
 348:Core/Src/main.c ****     Error_Handler();
 349:Core/Src/main.c ****   }
 350:Core/Src/main.c ****   /* USER CODE BEGIN UART4_Init 2 */
 351:Core/Src/main.c **** 
 352:Core/Src/main.c ****   /* USER CODE END UART4_Init 2 */
 353:Core/Src/main.c **** 
 354:Core/Src/main.c **** }
 355:Core/Src/main.c **** 
 356:Core/Src/main.c **** /**
 357:Core/Src/main.c ****   * @brief USART1 Initialization Function
 358:Core/Src/main.c ****   * @param None
 359:Core/Src/main.c ****   * @retval None
 360:Core/Src/main.c ****   */
 361:Core/Src/main.c **** static void MX_USART1_UART_Init(void)
 362:Core/Src/main.c **** {
 363:Core/Src/main.c **** 
 364:Core/Src/main.c ****   /* USER CODE BEGIN USART1_Init 0 */
 365:Core/Src/main.c **** 
 366:Core/Src/main.c ****   /* USER CODE END USART1_Init 0 */
 367:Core/Src/main.c **** 
 368:Core/Src/main.c ****   /* USER CODE BEGIN USART1_Init 1 */
 369:Core/Src/main.c **** 
 370:Core/Src/main.c ****   /* USER CODE END USART1_Init 1 */
 371:Core/Src/main.c ****   huart1.Instance = USART1;
 372:Core/Src/main.c ****   huart1.Init.BaudRate = 115200;
 373:Core/Src/main.c ****   huart1.Init.WordLength = UART_WORDLENGTH_8B;
ARM GAS  /tmp/cc8wgXJU.s 			page 8


 374:Core/Src/main.c ****   huart1.Init.StopBits = UART_STOPBITS_1;
 375:Core/Src/main.c ****   huart1.Init.Parity = UART_PARITY_NONE;
 376:Core/Src/main.c ****   huart1.Init.Mode = UART_MODE_TX_RX;
 377:Core/Src/main.c ****   huart1.Init.HwFlowCtl = UART_HWCONTROL_NONE;
 378:Core/Src/main.c ****   huart1.Init.OverSampling = UART_OVERSAMPLING_16;
 379:Core/Src/main.c ****   if (HAL_UART_Init(&huart1) != HAL_OK)
 380:Core/Src/main.c ****   {
 381:Core/Src/main.c ****     Error_Handler();
 382:Core/Src/main.c ****   }
 383:Core/Src/main.c ****   /* USER CODE BEGIN USART1_Init 2 */
 384:Core/Src/main.c **** 
 385:Core/Src/main.c ****   /* USER CODE END USART1_Init 2 */
 386:Core/Src/main.c **** 
 387:Core/Src/main.c **** }
 388:Core/Src/main.c **** 
 389:Core/Src/main.c **** /**
 390:Core/Src/main.c ****   * @brief USART2 Initialization Function
 391:Core/Src/main.c ****   * @param None
 392:Core/Src/main.c ****   * @retval None
 393:Core/Src/main.c ****   */
 394:Core/Src/main.c **** static void MX_USART2_UART_Init(void)
 395:Core/Src/main.c **** {
 396:Core/Src/main.c **** 
 397:Core/Src/main.c ****   /* USER CODE BEGIN USART2_Init 0 */
 398:Core/Src/main.c **** 
 399:Core/Src/main.c ****   /* USER CODE END USART2_Init 0 */
 400:Core/Src/main.c **** 
 401:Core/Src/main.c ****   /* USER CODE BEGIN USART2_Init 1 */
 402:Core/Src/main.c **** 
 403:Core/Src/main.c ****   /* USER CODE END USART2_Init 1 */
 404:Core/Src/main.c ****   huart2.Instance = USART2;
 405:Core/Src/main.c ****   huart2.Init.BaudRate = 115200;
 406:Core/Src/main.c ****   huart2.Init.WordLength = UART_WORDLENGTH_8B;
 407:Core/Src/main.c ****   huart2.Init.StopBits = UART_STOPBITS_1;
 408:Core/Src/main.c ****   huart2.Init.Parity = UART_PARITY_NONE;
 409:Core/Src/main.c ****   huart2.Init.Mode = UART_MODE_TX_RX;
 410:Core/Src/main.c ****   huart2.Init.HwFlowCtl = UART_HWCONTROL_NONE;
 411:Core/Src/main.c ****   huart2.Init.OverSampling = UART_OVERSAMPLING_16;
 412:Core/Src/main.c ****   if (HAL_UART_Init(&huart2) != HAL_OK)
 413:Core/Src/main.c ****   {
 414:Core/Src/main.c ****     Error_Handler();
 415:Core/Src/main.c ****   }
 416:Core/Src/main.c ****   /* USER CODE BEGIN USART2_Init 2 */
 417:Core/Src/main.c **** 
 418:Core/Src/main.c ****   /* USER CODE END USART2_Init 2 */
 419:Core/Src/main.c **** 
 420:Core/Src/main.c **** }
 421:Core/Src/main.c **** 
 422:Core/Src/main.c **** /**
 423:Core/Src/main.c ****   * @brief USART3 Initialization Function
 424:Core/Src/main.c ****   * @param None
 425:Core/Src/main.c ****   * @retval None
 426:Core/Src/main.c ****   */
 427:Core/Src/main.c **** static void MX_USART3_UART_Init(void)
 428:Core/Src/main.c **** {
 429:Core/Src/main.c **** 
 430:Core/Src/main.c ****   /* USER CODE BEGIN USART3_Init 0 */
ARM GAS  /tmp/cc8wgXJU.s 			page 9


 431:Core/Src/main.c **** 
 432:Core/Src/main.c ****   /* USER CODE END USART3_Init 0 */
 433:Core/Src/main.c **** 
 434:Core/Src/main.c ****   /* USER CODE BEGIN USART3_Init 1 */
 435:Core/Src/main.c **** 
 436:Core/Src/main.c ****   /* USER CODE END USART3_Init 1 */
 437:Core/Src/main.c ****   huart3.Instance = USART3;
 438:Core/Src/main.c ****   huart3.Init.BaudRate = 115200;
 439:Core/Src/main.c ****   huart3.Init.WordLength = UART_WORDLENGTH_8B;
 440:Core/Src/main.c ****   huart3.Init.StopBits = UART_STOPBITS_1;
 441:Core/Src/main.c ****   huart3.Init.Parity = UART_PARITY_NONE;
 442:Core/Src/main.c ****   huart3.Init.Mode = UART_MODE_TX_RX;
 443:Core/Src/main.c ****   huart3.Init.HwFlowCtl = UART_HWCONTROL_NONE;
 444:Core/Src/main.c ****   huart3.Init.OverSampling = UART_OVERSAMPLING_16;
 445:Core/Src/main.c ****   if (HAL_UART_Init(&huart3) != HAL_OK)
 446:Core/Src/main.c ****   {
 447:Core/Src/main.c ****     Error_Handler();
 448:Core/Src/main.c ****   }
 449:Core/Src/main.c ****   /* USER CODE BEGIN USART3_Init 2 */
 450:Core/Src/main.c **** 
 451:Core/Src/main.c ****   /* USER CODE END USART3_Init 2 */
 452:Core/Src/main.c **** 
 453:Core/Src/main.c **** }
 454:Core/Src/main.c **** 
 455:Core/Src/main.c **** /**
 456:Core/Src/main.c ****   * @brief GPIO Initialization Function
 457:Core/Src/main.c ****   * @param None
 458:Core/Src/main.c ****   * @retval None
 459:Core/Src/main.c ****   */
 460:Core/Src/main.c **** static void MX_GPIO_Init(void)
 461:Core/Src/main.c **** {
  28              		.loc 1 461 1 view -0
  29              		.cfi_startproc
  30              		@ args = 0, pretend = 0, frame = 16
  31              		@ frame_needed = 0, uses_anonymous_args = 0
  32              		@ link register save eliminated.
  33 0000 84B0     		sub	sp, sp, #16
  34              	.LCFI0:
  35              		.cfi_def_cfa_offset 16
 462:Core/Src/main.c ****   /* USER CODE BEGIN MX_GPIO_Init_1 */
 463:Core/Src/main.c **** 
 464:Core/Src/main.c ****   /* USER CODE END MX_GPIO_Init_1 */
 465:Core/Src/main.c **** 
 466:Core/Src/main.c ****   /* GPIO Ports Clock Enable */
 467:Core/Src/main.c ****   __HAL_RCC_GPIOC_CLK_ENABLE();
  36              		.loc 1 467 3 view .LVU1
  37              	.LBB4:
  38              		.loc 1 467 3 view .LVU2
  39 0002 0022     		movs	r2, #0
  40 0004 0092     		str	r2, [sp]
  41              		.loc 1 467 3 view .LVU3
  42 0006 154B     		ldr	r3, .L3
  43 0008 196B     		ldr	r1, [r3, #48]
  44 000a 41F00401 		orr	r1, r1, #4
  45 000e 1963     		str	r1, [r3, #48]
  46              		.loc 1 467 3 view .LVU4
  47 0010 196B     		ldr	r1, [r3, #48]
ARM GAS  /tmp/cc8wgXJU.s 			page 10


  48 0012 01F00401 		and	r1, r1, #4
  49 0016 0091     		str	r1, [sp]
  50              		.loc 1 467 3 view .LVU5
  51 0018 0099     		ldr	r1, [sp]
  52              	.LBE4:
  53              		.loc 1 467 3 view .LVU6
 468:Core/Src/main.c ****   __HAL_RCC_GPIOH_CLK_ENABLE();
  54              		.loc 1 468 3 view .LVU7
  55              	.LBB5:
  56              		.loc 1 468 3 view .LVU8
  57 001a 0192     		str	r2, [sp, #4]
  58              		.loc 1 468 3 view .LVU9
  59 001c 196B     		ldr	r1, [r3, #48]
  60 001e 41F08001 		orr	r1, r1, #128
  61 0022 1963     		str	r1, [r3, #48]
  62              		.loc 1 468 3 view .LVU10
  63 0024 196B     		ldr	r1, [r3, #48]
  64 0026 01F08001 		and	r1, r1, #128
  65 002a 0191     		str	r1, [sp, #4]
  66              		.loc 1 468 3 view .LVU11
  67 002c 0199     		ldr	r1, [sp, #4]
  68              	.LBE5:
  69              		.loc 1 468 3 view .LVU12
 469:Core/Src/main.c ****   __HAL_RCC_GPIOA_CLK_ENABLE();
  70              		.loc 1 469 3 view .LVU13
  71              	.LBB6:
  72              		.loc 1 469 3 view .LVU14
  73 002e 0292     		str	r2, [sp, #8]
  74              		.loc 1 469 3 view .LVU15
  75 0030 196B     		ldr	r1, [r3, #48]
  76 0032 41F00101 		orr	r1, r1, #1
  77 0036 1963     		str	r1, [r3, #48]
  78              		.loc 1 469 3 view .LVU16
  79 0038 196B     		ldr	r1, [r3, #48]
  80 003a 01F00101 		and	r1, r1, #1
  81 003e 0291     		str	r1, [sp, #8]
  82              		.loc 1 469 3 view .LVU17
  83 0040 0299     		ldr	r1, [sp, #8]
  84              	.LBE6:
  85              		.loc 1 469 3 view .LVU18
 470:Core/Src/main.c ****   __HAL_RCC_GPIOB_CLK_ENABLE();
  86              		.loc 1 470 3 view .LVU19
  87              	.LBB7:
  88              		.loc 1 470 3 view .LVU20
  89 0042 0392     		str	r2, [sp, #12]
  90              		.loc 1 470 3 view .LVU21
  91 0044 1A6B     		ldr	r2, [r3, #48]
  92 0046 42F00202 		orr	r2, r2, #2
  93 004a 1A63     		str	r2, [r3, #48]
  94              		.loc 1 470 3 view .LVU22
  95 004c 1B6B     		ldr	r3, [r3, #48]
  96 004e 03F00203 		and	r3, r3, #2
  97 0052 0393     		str	r3, [sp, #12]
  98              		.loc 1 470 3 view .LVU23
  99 0054 039B     		ldr	r3, [sp, #12]
 100              	.LBE7:
 101              		.loc 1 470 3 view .LVU24
ARM GAS  /tmp/cc8wgXJU.s 			page 11


 471:Core/Src/main.c **** 
 472:Core/Src/main.c ****   /* USER CODE BEGIN MX_GPIO_Init_2 */
 473:Core/Src/main.c **** 
 474:Core/Src/main.c ****   /* USER CODE END MX_GPIO_Init_2 */
 475:Core/Src/main.c **** }
 102              		.loc 1 475 1 is_stmt 0 view .LVU25
 103 0056 04B0     		add	sp, sp, #16
 104              	.LCFI1:
 105              		.cfi_def_cfa_offset 0
 106              		@ sp needed
 107 0058 7047     		bx	lr
 108              	.L4:
 109 005a 00BF     		.align	2
 110              	.L3:
 111 005c 00380240 		.word	1073887232
 112              		.cfi_endproc
 113              	.LFE143:
 115              		.section	.text.Error_Handler,"ax",%progbits
 116              		.align	1
 117              		.global	Error_Handler
 118              		.syntax unified
 119              		.thumb
 120              		.thumb_func
 121              		.fpu fpv4-sp-d16
 123              	Error_Handler:
 124              	.LFB144:
 476:Core/Src/main.c **** 
 477:Core/Src/main.c **** /* USER CODE BEGIN 4 */
 478:Core/Src/main.c **** 
 479:Core/Src/main.c **** /* USER CODE END 4 */
 480:Core/Src/main.c **** 
 481:Core/Src/main.c **** /**
 482:Core/Src/main.c ****   * @brief  This function is executed in case of error occurrence.
 483:Core/Src/main.c ****   * @retval None
 484:Core/Src/main.c ****   */
 485:Core/Src/main.c **** void Error_Handler(void)
 486:Core/Src/main.c **** {
 125              		.loc 1 486 1 is_stmt 1 view -0
 126              		.cfi_startproc
 127              		@ Volatile: function does not return.
 128              		@ args = 0, pretend = 0, frame = 0
 129              		@ frame_needed = 0, uses_anonymous_args = 0
 130              		@ link register save eliminated.
 487:Core/Src/main.c ****   /* USER CODE BEGIN Error_Handler_Debug */
 488:Core/Src/main.c ****   /* User can add his own implementation to report the HAL error return state */
 489:Core/Src/main.c ****   __disable_irq();
 131              		.loc 1 489 3 view .LVU27
 132              	.LBB8:
 133              	.LBI8:
 134              		.file 2 "Drivers/CMSIS/Include/cmsis_gcc.h"
   1:Drivers/CMSIS/Include/cmsis_gcc.h **** /**************************************************************************//**
   2:Drivers/CMSIS/Include/cmsis_gcc.h ****  * @file     cmsis_gcc.h
   3:Drivers/CMSIS/Include/cmsis_gcc.h ****  * @brief    CMSIS compiler GCC header file
   4:Drivers/CMSIS/Include/cmsis_gcc.h ****  * @version  V5.4.1
   5:Drivers/CMSIS/Include/cmsis_gcc.h ****  * @date     27. May 2021
   6:Drivers/CMSIS/Include/cmsis_gcc.h ****  ******************************************************************************/
   7:Drivers/CMSIS/Include/cmsis_gcc.h **** /*
ARM GAS  /tmp/cc8wgXJU.s 			page 12


   8:Drivers/CMSIS/Include/cmsis_gcc.h ****  * Copyright (c) 2009-2021 Arm Limited. All rights reserved.
   9:Drivers/CMSIS/Include/cmsis_gcc.h ****  *
  10:Drivers/CMSIS/Include/cmsis_gcc.h ****  * SPDX-License-Identifier: Apache-2.0
  11:Drivers/CMSIS/Include/cmsis_gcc.h ****  *
  12:Drivers/CMSIS/Include/cmsis_gcc.h ****  * Licensed under the Apache License, Version 2.0 (the License); you may
  13:Drivers/CMSIS/Include/cmsis_gcc.h ****  * not use this file except in compliance with the License.
  14:Drivers/CMSIS/Include/cmsis_gcc.h ****  * You may obtain a copy of the License at
  15:Drivers/CMSIS/Include/cmsis_gcc.h ****  *
  16:Drivers/CMSIS/Include/cmsis_gcc.h ****  * www.apache.org/licenses/LICENSE-2.0
  17:Drivers/CMSIS/Include/cmsis_gcc.h ****  *
  18:Drivers/CMSIS/Include/cmsis_gcc.h ****  * Unless required by applicable law or agreed to in writing, software
  19:Drivers/CMSIS/Include/cmsis_gcc.h ****  * distributed under the License is distributed on an AS IS BASIS, WITHOUT
  20:Drivers/CMSIS/Include/cmsis_gcc.h ****  * WARRANTIES OR CONDITIONS OF ANY KIND, either express or implied.
  21:Drivers/CMSIS/Include/cmsis_gcc.h ****  * See the License for the specific language governing permissions and
  22:Drivers/CMSIS/Include/cmsis_gcc.h ****  * limitations under the License.
  23:Drivers/CMSIS/Include/cmsis_gcc.h ****  */
  24:Drivers/CMSIS/Include/cmsis_gcc.h **** 
  25:Drivers/CMSIS/Include/cmsis_gcc.h **** #ifndef __CMSIS_GCC_H
  26:Drivers/CMSIS/Include/cmsis_gcc.h **** #define __CMSIS_GCC_H
  27:Drivers/CMSIS/Include/cmsis_gcc.h **** 
  28:Drivers/CMSIS/Include/cmsis_gcc.h **** /* ignore some GCC warnings */
  29:Drivers/CMSIS/Include/cmsis_gcc.h **** #pragma GCC diagnostic push
  30:Drivers/CMSIS/Include/cmsis_gcc.h **** #pragma GCC diagnostic ignored "-Wsign-conversion"
  31:Drivers/CMSIS/Include/cmsis_gcc.h **** #pragma GCC diagnostic ignored "-Wconversion"
  32:Drivers/CMSIS/Include/cmsis_gcc.h **** #pragma GCC diagnostic ignored "-Wunused-parameter"
  33:Drivers/CMSIS/Include/cmsis_gcc.h **** 
  34:Drivers/CMSIS/Include/cmsis_gcc.h **** /* Fallback for __has_builtin */
  35:Drivers/CMSIS/Include/cmsis_gcc.h **** #ifndef __has_builtin
  36:Drivers/CMSIS/Include/cmsis_gcc.h ****   #define __has_builtin(x) (0)
  37:Drivers/CMSIS/Include/cmsis_gcc.h **** #endif
  38:Drivers/CMSIS/Include/cmsis_gcc.h **** 
  39:Drivers/CMSIS/Include/cmsis_gcc.h **** /* CMSIS compiler specific defines */
  40:Drivers/CMSIS/Include/cmsis_gcc.h **** #ifndef   __ASM
  41:Drivers/CMSIS/Include/cmsis_gcc.h ****   #define __ASM                                  __asm
  42:Drivers/CMSIS/Include/cmsis_gcc.h **** #endif
  43:Drivers/CMSIS/Include/cmsis_gcc.h **** #ifndef   __INLINE
  44:Drivers/CMSIS/Include/cmsis_gcc.h ****   #define __INLINE                               inline
  45:Drivers/CMSIS/Include/cmsis_gcc.h **** #endif
  46:Drivers/CMSIS/Include/cmsis_gcc.h **** #ifndef   __STATIC_INLINE
  47:Drivers/CMSIS/Include/cmsis_gcc.h ****   #define __STATIC_INLINE                        static inline
  48:Drivers/CMSIS/Include/cmsis_gcc.h **** #endif
  49:Drivers/CMSIS/Include/cmsis_gcc.h **** #ifndef   __STATIC_FORCEINLINE
  50:Drivers/CMSIS/Include/cmsis_gcc.h ****   #define __STATIC_FORCEINLINE                   __attribute__((always_inline)) static inline
  51:Drivers/CMSIS/Include/cmsis_gcc.h **** #endif
  52:Drivers/CMSIS/Include/cmsis_gcc.h **** #ifndef   __NO_RETURN
  53:Drivers/CMSIS/Include/cmsis_gcc.h ****   #define __NO_RETURN                            __attribute__((__noreturn__))
  54:Drivers/CMSIS/Include/cmsis_gcc.h **** #endif
  55:Drivers/CMSIS/Include/cmsis_gcc.h **** #ifndef   __USED
  56:Drivers/CMSIS/Include/cmsis_gcc.h ****   #define __USED                                 __attribute__((used))
  57:Drivers/CMSIS/Include/cmsis_gcc.h **** #endif
  58:Drivers/CMSIS/Include/cmsis_gcc.h **** #ifndef   __WEAK
  59:Drivers/CMSIS/Include/cmsis_gcc.h ****   #define __WEAK                                 __attribute__((weak))
  60:Drivers/CMSIS/Include/cmsis_gcc.h **** #endif
  61:Drivers/CMSIS/Include/cmsis_gcc.h **** #ifndef   __PACKED
  62:Drivers/CMSIS/Include/cmsis_gcc.h ****   #define __PACKED                               __attribute__((packed, aligned(1)))
  63:Drivers/CMSIS/Include/cmsis_gcc.h **** #endif
  64:Drivers/CMSIS/Include/cmsis_gcc.h **** #ifndef   __PACKED_STRUCT
ARM GAS  /tmp/cc8wgXJU.s 			page 13


  65:Drivers/CMSIS/Include/cmsis_gcc.h ****   #define __PACKED_STRUCT                        struct __attribute__((packed, aligned(1)))
  66:Drivers/CMSIS/Include/cmsis_gcc.h **** #endif
  67:Drivers/CMSIS/Include/cmsis_gcc.h **** #ifndef   __PACKED_UNION
  68:Drivers/CMSIS/Include/cmsis_gcc.h ****   #define __PACKED_UNION                         union __attribute__((packed, aligned(1)))
  69:Drivers/CMSIS/Include/cmsis_gcc.h **** #endif
  70:Drivers/CMSIS/Include/cmsis_gcc.h **** #ifndef   __UNALIGNED_UINT32        /* deprecated */
  71:Drivers/CMSIS/Include/cmsis_gcc.h ****   #pragma GCC diagnostic push
  72:Drivers/CMSIS/Include/cmsis_gcc.h ****   #pragma GCC diagnostic ignored "-Wpacked"
  73:Drivers/CMSIS/Include/cmsis_gcc.h ****   #pragma GCC diagnostic ignored "-Wattributes"
  74:Drivers/CMSIS/Include/cmsis_gcc.h ****   struct __attribute__((packed)) T_UINT32 { uint32_t v; };
  75:Drivers/CMSIS/Include/cmsis_gcc.h ****   #pragma GCC diagnostic pop
  76:Drivers/CMSIS/Include/cmsis_gcc.h ****   #define __UNALIGNED_UINT32(x)                  (((struct T_UINT32 *)(x))->v)
  77:Drivers/CMSIS/Include/cmsis_gcc.h **** #endif
  78:Drivers/CMSIS/Include/cmsis_gcc.h **** #ifndef   __UNALIGNED_UINT16_WRITE
  79:Drivers/CMSIS/Include/cmsis_gcc.h ****   #pragma GCC diagnostic push
  80:Drivers/CMSIS/Include/cmsis_gcc.h ****   #pragma GCC diagnostic ignored "-Wpacked"
  81:Drivers/CMSIS/Include/cmsis_gcc.h ****   #pragma GCC diagnostic ignored "-Wattributes"
  82:Drivers/CMSIS/Include/cmsis_gcc.h ****   __PACKED_STRUCT T_UINT16_WRITE { uint16_t v; };
  83:Drivers/CMSIS/Include/cmsis_gcc.h ****   #pragma GCC diagnostic pop
  84:Drivers/CMSIS/Include/cmsis_gcc.h ****   #define __UNALIGNED_UINT16_WRITE(addr, val)    (void)((((struct T_UINT16_WRITE *)(void *)(addr))-
  85:Drivers/CMSIS/Include/cmsis_gcc.h **** #endif
  86:Drivers/CMSIS/Include/cmsis_gcc.h **** #ifndef   __UNALIGNED_UINT16_READ
  87:Drivers/CMSIS/Include/cmsis_gcc.h ****   #pragma GCC diagnostic push
  88:Drivers/CMSIS/Include/cmsis_gcc.h ****   #pragma GCC diagnostic ignored "-Wpacked"
  89:Drivers/CMSIS/Include/cmsis_gcc.h ****   #pragma GCC diagnostic ignored "-Wattributes"
  90:Drivers/CMSIS/Include/cmsis_gcc.h ****   __PACKED_STRUCT T_UINT16_READ { uint16_t v; };
  91:Drivers/CMSIS/Include/cmsis_gcc.h ****   #pragma GCC diagnostic pop
  92:Drivers/CMSIS/Include/cmsis_gcc.h ****   #define __UNALIGNED_UINT16_READ(addr)          (((const struct T_UINT16_READ *)(const void *)(add
  93:Drivers/CMSIS/Include/cmsis_gcc.h **** #endif
  94:Drivers/CMSIS/Include/cmsis_gcc.h **** #ifndef   __UNALIGNED_UINT32_WRITE
  95:Drivers/CMSIS/Include/cmsis_gcc.h ****   #pragma GCC diagnostic push
  96:Drivers/CMSIS/Include/cmsis_gcc.h ****   #pragma GCC diagnostic ignored "-Wpacked"
  97:Drivers/CMSIS/Include/cmsis_gcc.h ****   #pragma GCC diagnostic ignored "-Wattributes"
  98:Drivers/CMSIS/Include/cmsis_gcc.h ****   __PACKED_STRUCT T_UINT32_WRITE { uint32_t v; };
  99:Drivers/CMSIS/Include/cmsis_gcc.h ****   #pragma GCC diagnostic pop
 100:Drivers/CMSIS/Include/cmsis_gcc.h ****   #define __UNALIGNED_UINT32_WRITE(addr, val)    (void)((((struct T_UINT32_WRITE *)(void *)(addr))-
 101:Drivers/CMSIS/Include/cmsis_gcc.h **** #endif
 102:Drivers/CMSIS/Include/cmsis_gcc.h **** #ifndef   __UNALIGNED_UINT32_READ
 103:Drivers/CMSIS/Include/cmsis_gcc.h ****   #pragma GCC diagnostic push
 104:Drivers/CMSIS/Include/cmsis_gcc.h ****   #pragma GCC diagnostic ignored "-Wpacked"
 105:Drivers/CMSIS/Include/cmsis_gcc.h ****   #pragma GCC diagnostic ignored "-Wattributes"
 106:Drivers/CMSIS/Include/cmsis_gcc.h ****   __PACKED_STRUCT T_UINT32_READ { uint32_t v; };
 107:Drivers/CMSIS/Include/cmsis_gcc.h ****   #pragma GCC diagnostic pop
 108:Drivers/CMSIS/Include/cmsis_gcc.h ****   #define __UNALIGNED_UINT32_READ(addr)          (((const struct T_UINT32_READ *)(const void *)(add
 109:Drivers/CMSIS/Include/cmsis_gcc.h **** #endif
 110:Drivers/CMSIS/Include/cmsis_gcc.h **** #ifndef   __ALIGNED
 111:Drivers/CMSIS/Include/cmsis_gcc.h ****   #define __ALIGNED(x)                           __attribute__((aligned(x)))
 112:Drivers/CMSIS/Include/cmsis_gcc.h **** #endif
 113:Drivers/CMSIS/Include/cmsis_gcc.h **** #ifndef   __RESTRICT
 114:Drivers/CMSIS/Include/cmsis_gcc.h ****   #define __RESTRICT                             __restrict
 115:Drivers/CMSIS/Include/cmsis_gcc.h **** #endif
 116:Drivers/CMSIS/Include/cmsis_gcc.h **** #ifndef   __COMPILER_BARRIER
 117:Drivers/CMSIS/Include/cmsis_gcc.h ****   #define __COMPILER_BARRIER()                   __ASM volatile("":::"memory")
 118:Drivers/CMSIS/Include/cmsis_gcc.h **** #endif
 119:Drivers/CMSIS/Include/cmsis_gcc.h **** 
 120:Drivers/CMSIS/Include/cmsis_gcc.h **** /* #########################  Startup and Lowlevel Init  ######################## */
 121:Drivers/CMSIS/Include/cmsis_gcc.h **** 
ARM GAS  /tmp/cc8wgXJU.s 			page 14


 122:Drivers/CMSIS/Include/cmsis_gcc.h **** #ifndef __PROGRAM_START
 123:Drivers/CMSIS/Include/cmsis_gcc.h **** 
 124:Drivers/CMSIS/Include/cmsis_gcc.h **** /**
 125:Drivers/CMSIS/Include/cmsis_gcc.h ****   \brief   Initializes data and bss sections
 126:Drivers/CMSIS/Include/cmsis_gcc.h ****   \details This default implementations initialized all data and additional bss
 127:Drivers/CMSIS/Include/cmsis_gcc.h ****            sections relying on .copy.table and .zero.table specified properly
 128:Drivers/CMSIS/Include/cmsis_gcc.h ****            in the used linker script.
 129:Drivers/CMSIS/Include/cmsis_gcc.h **** 
 130:Drivers/CMSIS/Include/cmsis_gcc.h ****  */
 131:Drivers/CMSIS/Include/cmsis_gcc.h **** __STATIC_FORCEINLINE __NO_RETURN void __cmsis_start(void)
 132:Drivers/CMSIS/Include/cmsis_gcc.h **** {
 133:Drivers/CMSIS/Include/cmsis_gcc.h ****   extern void _start(void) __NO_RETURN;
 134:Drivers/CMSIS/Include/cmsis_gcc.h **** 
 135:Drivers/CMSIS/Include/cmsis_gcc.h ****   typedef struct {
 136:Drivers/CMSIS/Include/cmsis_gcc.h ****     uint32_t const* src;
 137:Drivers/CMSIS/Include/cmsis_gcc.h ****     uint32_t* dest;
 138:Drivers/CMSIS/Include/cmsis_gcc.h ****     uint32_t  wlen;
 139:Drivers/CMSIS/Include/cmsis_gcc.h ****   } __copy_table_t;
 140:Drivers/CMSIS/Include/cmsis_gcc.h **** 
 141:Drivers/CMSIS/Include/cmsis_gcc.h ****   typedef struct {
 142:Drivers/CMSIS/Include/cmsis_gcc.h ****     uint32_t* dest;
 143:Drivers/CMSIS/Include/cmsis_gcc.h ****     uint32_t  wlen;
 144:Drivers/CMSIS/Include/cmsis_gcc.h ****   } __zero_table_t;
 145:Drivers/CMSIS/Include/cmsis_gcc.h **** 
 146:Drivers/CMSIS/Include/cmsis_gcc.h ****   extern const __copy_table_t __copy_table_start__;
 147:Drivers/CMSIS/Include/cmsis_gcc.h ****   extern const __copy_table_t __copy_table_end__;
 148:Drivers/CMSIS/Include/cmsis_gcc.h ****   extern const __zero_table_t __zero_table_start__;
 149:Drivers/CMSIS/Include/cmsis_gcc.h ****   extern const __zero_table_t __zero_table_end__;
 150:Drivers/CMSIS/Include/cmsis_gcc.h **** 
 151:Drivers/CMSIS/Include/cmsis_gcc.h ****   for (__copy_table_t const* pTable = &__copy_table_start__; pTable < &__copy_table_end__; ++pTable
 152:Drivers/CMSIS/Include/cmsis_gcc.h ****     for(uint32_t i=0u; i<pTable->wlen; ++i) {
 153:Drivers/CMSIS/Include/cmsis_gcc.h ****       pTable->dest[i] = pTable->src[i];
 154:Drivers/CMSIS/Include/cmsis_gcc.h ****     }
 155:Drivers/CMSIS/Include/cmsis_gcc.h ****   }
 156:Drivers/CMSIS/Include/cmsis_gcc.h **** 
 157:Drivers/CMSIS/Include/cmsis_gcc.h ****   for (__zero_table_t const* pTable = &__zero_table_start__; pTable < &__zero_table_end__; ++pTable
 158:Drivers/CMSIS/Include/cmsis_gcc.h ****     for(uint32_t i=0u; i<pTable->wlen; ++i) {
 159:Drivers/CMSIS/Include/cmsis_gcc.h ****       pTable->dest[i] = 0u;
 160:Drivers/CMSIS/Include/cmsis_gcc.h ****     }
 161:Drivers/CMSIS/Include/cmsis_gcc.h ****   }
 162:Drivers/CMSIS/Include/cmsis_gcc.h **** 
 163:Drivers/CMSIS/Include/cmsis_gcc.h ****   _start();
 164:Drivers/CMSIS/Include/cmsis_gcc.h **** }
 165:Drivers/CMSIS/Include/cmsis_gcc.h **** 
 166:Drivers/CMSIS/Include/cmsis_gcc.h **** #define __PROGRAM_START           __cmsis_start
 167:Drivers/CMSIS/Include/cmsis_gcc.h **** #endif
 168:Drivers/CMSIS/Include/cmsis_gcc.h **** 
 169:Drivers/CMSIS/Include/cmsis_gcc.h **** #ifndef __INITIAL_SP
 170:Drivers/CMSIS/Include/cmsis_gcc.h **** #define __INITIAL_SP              __StackTop
 171:Drivers/CMSIS/Include/cmsis_gcc.h **** #endif
 172:Drivers/CMSIS/Include/cmsis_gcc.h **** 
 173:Drivers/CMSIS/Include/cmsis_gcc.h **** #ifndef __STACK_LIMIT
 174:Drivers/CMSIS/Include/cmsis_gcc.h **** #define __STACK_LIMIT             __StackLimit
 175:Drivers/CMSIS/Include/cmsis_gcc.h **** #endif
 176:Drivers/CMSIS/Include/cmsis_gcc.h **** 
 177:Drivers/CMSIS/Include/cmsis_gcc.h **** #ifndef __VECTOR_TABLE
 178:Drivers/CMSIS/Include/cmsis_gcc.h **** #define __VECTOR_TABLE            __Vectors
ARM GAS  /tmp/cc8wgXJU.s 			page 15


 179:Drivers/CMSIS/Include/cmsis_gcc.h **** #endif
 180:Drivers/CMSIS/Include/cmsis_gcc.h **** 
 181:Drivers/CMSIS/Include/cmsis_gcc.h **** #ifndef __VECTOR_TABLE_ATTRIBUTE
 182:Drivers/CMSIS/Include/cmsis_gcc.h **** #define __VECTOR_TABLE_ATTRIBUTE  __attribute__((used, section(".vectors")))
 183:Drivers/CMSIS/Include/cmsis_gcc.h **** #endif
 184:Drivers/CMSIS/Include/cmsis_gcc.h **** 
 185:Drivers/CMSIS/Include/cmsis_gcc.h **** #if defined (__ARM_FEATURE_CMSE) && (__ARM_FEATURE_CMSE == 3U)
 186:Drivers/CMSIS/Include/cmsis_gcc.h **** #ifndef __STACK_SEAL
 187:Drivers/CMSIS/Include/cmsis_gcc.h **** #define __STACK_SEAL              __StackSeal
 188:Drivers/CMSIS/Include/cmsis_gcc.h **** #endif
 189:Drivers/CMSIS/Include/cmsis_gcc.h **** 
 190:Drivers/CMSIS/Include/cmsis_gcc.h **** #ifndef __TZ_STACK_SEAL_SIZE
 191:Drivers/CMSIS/Include/cmsis_gcc.h **** #define __TZ_STACK_SEAL_SIZE      8U
 192:Drivers/CMSIS/Include/cmsis_gcc.h **** #endif
 193:Drivers/CMSIS/Include/cmsis_gcc.h **** 
 194:Drivers/CMSIS/Include/cmsis_gcc.h **** #ifndef __TZ_STACK_SEAL_VALUE
 195:Drivers/CMSIS/Include/cmsis_gcc.h **** #define __TZ_STACK_SEAL_VALUE     0xFEF5EDA5FEF5EDA5ULL
 196:Drivers/CMSIS/Include/cmsis_gcc.h **** #endif
 197:Drivers/CMSIS/Include/cmsis_gcc.h **** 
 198:Drivers/CMSIS/Include/cmsis_gcc.h **** 
 199:Drivers/CMSIS/Include/cmsis_gcc.h **** __STATIC_FORCEINLINE void __TZ_set_STACKSEAL_S (uint32_t* stackTop) {
 200:Drivers/CMSIS/Include/cmsis_gcc.h ****   *((uint64_t *)stackTop) = __TZ_STACK_SEAL_VALUE;
 201:Drivers/CMSIS/Include/cmsis_gcc.h **** }
 202:Drivers/CMSIS/Include/cmsis_gcc.h **** #endif
 203:Drivers/CMSIS/Include/cmsis_gcc.h **** 
 204:Drivers/CMSIS/Include/cmsis_gcc.h **** 
 205:Drivers/CMSIS/Include/cmsis_gcc.h **** /* ##########################  Core Instruction Access  ######################### */
 206:Drivers/CMSIS/Include/cmsis_gcc.h **** /** \defgroup CMSIS_Core_InstructionInterface CMSIS Core Instruction Interface
 207:Drivers/CMSIS/Include/cmsis_gcc.h ****   Access to dedicated instructions
 208:Drivers/CMSIS/Include/cmsis_gcc.h ****   @{
 209:Drivers/CMSIS/Include/cmsis_gcc.h **** */
 210:Drivers/CMSIS/Include/cmsis_gcc.h **** 
 211:Drivers/CMSIS/Include/cmsis_gcc.h **** /* Define macros for porting to both thumb1 and thumb2.
 212:Drivers/CMSIS/Include/cmsis_gcc.h ****  * For thumb1, use low register (r0-r7), specified by constraint "l"
 213:Drivers/CMSIS/Include/cmsis_gcc.h ****  * Otherwise, use general registers, specified by constraint "r" */
 214:Drivers/CMSIS/Include/cmsis_gcc.h **** #if defined (__thumb__) && !defined (__thumb2__)
 215:Drivers/CMSIS/Include/cmsis_gcc.h **** #define __CMSIS_GCC_OUT_REG(r) "=l" (r)
 216:Drivers/CMSIS/Include/cmsis_gcc.h **** #define __CMSIS_GCC_RW_REG(r) "+l" (r)
 217:Drivers/CMSIS/Include/cmsis_gcc.h **** #define __CMSIS_GCC_USE_REG(r) "l" (r)
 218:Drivers/CMSIS/Include/cmsis_gcc.h **** #else
 219:Drivers/CMSIS/Include/cmsis_gcc.h **** #define __CMSIS_GCC_OUT_REG(r) "=r" (r)
 220:Drivers/CMSIS/Include/cmsis_gcc.h **** #define __CMSIS_GCC_RW_REG(r) "+r" (r)
 221:Drivers/CMSIS/Include/cmsis_gcc.h **** #define __CMSIS_GCC_USE_REG(r) "r" (r)
 222:Drivers/CMSIS/Include/cmsis_gcc.h **** #endif
 223:Drivers/CMSIS/Include/cmsis_gcc.h **** 
 224:Drivers/CMSIS/Include/cmsis_gcc.h **** /**
 225:Drivers/CMSIS/Include/cmsis_gcc.h ****   \brief   No Operation
 226:Drivers/CMSIS/Include/cmsis_gcc.h ****   \details No Operation does nothing. This instruction can be used for code alignment purposes.
 227:Drivers/CMSIS/Include/cmsis_gcc.h ****  */
 228:Drivers/CMSIS/Include/cmsis_gcc.h **** #define __NOP()                             __ASM volatile ("nop")
 229:Drivers/CMSIS/Include/cmsis_gcc.h **** 
 230:Drivers/CMSIS/Include/cmsis_gcc.h **** /**
 231:Drivers/CMSIS/Include/cmsis_gcc.h ****   \brief   Wait For Interrupt
 232:Drivers/CMSIS/Include/cmsis_gcc.h ****   \details Wait For Interrupt is a hint instruction that suspends execution until one of a number o
 233:Drivers/CMSIS/Include/cmsis_gcc.h ****  */
 234:Drivers/CMSIS/Include/cmsis_gcc.h **** #define __WFI()                             __ASM volatile ("wfi":::"memory")
 235:Drivers/CMSIS/Include/cmsis_gcc.h **** 
ARM GAS  /tmp/cc8wgXJU.s 			page 16


 236:Drivers/CMSIS/Include/cmsis_gcc.h **** 
 237:Drivers/CMSIS/Include/cmsis_gcc.h **** /**
 238:Drivers/CMSIS/Include/cmsis_gcc.h ****   \brief   Wait For Event
 239:Drivers/CMSIS/Include/cmsis_gcc.h ****   \details Wait For Event is a hint instruction that permits the processor to enter
 240:Drivers/CMSIS/Include/cmsis_gcc.h ****            a low-power state until one of a number of events occurs.
 241:Drivers/CMSIS/Include/cmsis_gcc.h ****  */
 242:Drivers/CMSIS/Include/cmsis_gcc.h **** #define __WFE()                             __ASM volatile ("wfe":::"memory")
 243:Drivers/CMSIS/Include/cmsis_gcc.h **** 
 244:Drivers/CMSIS/Include/cmsis_gcc.h **** 
 245:Drivers/CMSIS/Include/cmsis_gcc.h **** /**
 246:Drivers/CMSIS/Include/cmsis_gcc.h ****   \brief   Send Event
 247:Drivers/CMSIS/Include/cmsis_gcc.h ****   \details Send Event is a hint instruction. It causes an event to be signaled to the CPU.
 248:Drivers/CMSIS/Include/cmsis_gcc.h ****  */
 249:Drivers/CMSIS/Include/cmsis_gcc.h **** #define __SEV()                             __ASM volatile ("sev")
 250:Drivers/CMSIS/Include/cmsis_gcc.h **** 
 251:Drivers/CMSIS/Include/cmsis_gcc.h **** 
 252:Drivers/CMSIS/Include/cmsis_gcc.h **** /**
 253:Drivers/CMSIS/Include/cmsis_gcc.h ****   \brief   Instruction Synchronization Barrier
 254:Drivers/CMSIS/Include/cmsis_gcc.h ****   \details Instruction Synchronization Barrier flushes the pipeline in the processor,
 255:Drivers/CMSIS/Include/cmsis_gcc.h ****            so that all instructions following the ISB are fetched from cache or memory,
 256:Drivers/CMSIS/Include/cmsis_gcc.h ****            after the instruction has been completed.
 257:Drivers/CMSIS/Include/cmsis_gcc.h ****  */
 258:Drivers/CMSIS/Include/cmsis_gcc.h **** __STATIC_FORCEINLINE void __ISB(void)
 259:Drivers/CMSIS/Include/cmsis_gcc.h **** {
 260:Drivers/CMSIS/Include/cmsis_gcc.h ****   __ASM volatile ("isb 0xF":::"memory");
 261:Drivers/CMSIS/Include/cmsis_gcc.h **** }
 262:Drivers/CMSIS/Include/cmsis_gcc.h **** 
 263:Drivers/CMSIS/Include/cmsis_gcc.h **** 
 264:Drivers/CMSIS/Include/cmsis_gcc.h **** /**
 265:Drivers/CMSIS/Include/cmsis_gcc.h ****   \brief   Data Synchronization Barrier
 266:Drivers/CMSIS/Include/cmsis_gcc.h ****   \details Acts as a special kind of Data Memory Barrier.
 267:Drivers/CMSIS/Include/cmsis_gcc.h ****            It completes when all explicit memory accesses before this instruction complete.
 268:Drivers/CMSIS/Include/cmsis_gcc.h ****  */
 269:Drivers/CMSIS/Include/cmsis_gcc.h **** __STATIC_FORCEINLINE void __DSB(void)
 270:Drivers/CMSIS/Include/cmsis_gcc.h **** {
 271:Drivers/CMSIS/Include/cmsis_gcc.h ****   __ASM volatile ("dsb 0xF":::"memory");
 272:Drivers/CMSIS/Include/cmsis_gcc.h **** }
 273:Drivers/CMSIS/Include/cmsis_gcc.h **** 
 274:Drivers/CMSIS/Include/cmsis_gcc.h **** 
 275:Drivers/CMSIS/Include/cmsis_gcc.h **** /**
 276:Drivers/CMSIS/Include/cmsis_gcc.h ****   \brief   Data Memory Barrier
 277:Drivers/CMSIS/Include/cmsis_gcc.h ****   \details Ensures the apparent order of the explicit memory operations before
 278:Drivers/CMSIS/Include/cmsis_gcc.h ****            and after the instruction, without ensuring their completion.
 279:Drivers/CMSIS/Include/cmsis_gcc.h ****  */
 280:Drivers/CMSIS/Include/cmsis_gcc.h **** __STATIC_FORCEINLINE void __DMB(void)
 281:Drivers/CMSIS/Include/cmsis_gcc.h **** {
 282:Drivers/CMSIS/Include/cmsis_gcc.h ****   __ASM volatile ("dmb 0xF":::"memory");
 283:Drivers/CMSIS/Include/cmsis_gcc.h **** }
 284:Drivers/CMSIS/Include/cmsis_gcc.h **** 
 285:Drivers/CMSIS/Include/cmsis_gcc.h **** 
 286:Drivers/CMSIS/Include/cmsis_gcc.h **** /**
 287:Drivers/CMSIS/Include/cmsis_gcc.h ****   \brief   Reverse byte order (32 bit)
 288:Drivers/CMSIS/Include/cmsis_gcc.h ****   \details Reverses the byte order in unsigned integer value. For example, 0x12345678 becomes 0x785
 289:Drivers/CMSIS/Include/cmsis_gcc.h ****   \param [in]    value  Value to reverse
 290:Drivers/CMSIS/Include/cmsis_gcc.h ****   \return               Reversed value
 291:Drivers/CMSIS/Include/cmsis_gcc.h ****  */
 292:Drivers/CMSIS/Include/cmsis_gcc.h **** __STATIC_FORCEINLINE uint32_t __REV(uint32_t value)
ARM GAS  /tmp/cc8wgXJU.s 			page 17


 293:Drivers/CMSIS/Include/cmsis_gcc.h **** {
 294:Drivers/CMSIS/Include/cmsis_gcc.h **** #if (__GNUC__ > 4) || (__GNUC__ == 4 && __GNUC_MINOR__ >= 5)
 295:Drivers/CMSIS/Include/cmsis_gcc.h ****   return __builtin_bswap32(value);
 296:Drivers/CMSIS/Include/cmsis_gcc.h **** #else
 297:Drivers/CMSIS/Include/cmsis_gcc.h ****   uint32_t result;
 298:Drivers/CMSIS/Include/cmsis_gcc.h **** 
 299:Drivers/CMSIS/Include/cmsis_gcc.h ****   __ASM ("rev %0, %1" : __CMSIS_GCC_OUT_REG (result) : __CMSIS_GCC_USE_REG (value) );
 300:Drivers/CMSIS/Include/cmsis_gcc.h ****   return result;
 301:Drivers/CMSIS/Include/cmsis_gcc.h **** #endif
 302:Drivers/CMSIS/Include/cmsis_gcc.h **** }
 303:Drivers/CMSIS/Include/cmsis_gcc.h **** 
 304:Drivers/CMSIS/Include/cmsis_gcc.h **** 
 305:Drivers/CMSIS/Include/cmsis_gcc.h **** /**
 306:Drivers/CMSIS/Include/cmsis_gcc.h ****   \brief   Reverse byte order (16 bit)
 307:Drivers/CMSIS/Include/cmsis_gcc.h ****   \details Reverses the byte order within each halfword of a word. For example, 0x12345678 becomes 
 308:Drivers/CMSIS/Include/cmsis_gcc.h ****   \param [in]    value  Value to reverse
 309:Drivers/CMSIS/Include/cmsis_gcc.h ****   \return               Reversed value
 310:Drivers/CMSIS/Include/cmsis_gcc.h ****  */
 311:Drivers/CMSIS/Include/cmsis_gcc.h **** __STATIC_FORCEINLINE uint32_t __REV16(uint32_t value)
 312:Drivers/CMSIS/Include/cmsis_gcc.h **** {
 313:Drivers/CMSIS/Include/cmsis_gcc.h ****   uint32_t result;
 314:Drivers/CMSIS/Include/cmsis_gcc.h **** 
 315:Drivers/CMSIS/Include/cmsis_gcc.h ****   __ASM ("rev16 %0, %1" : __CMSIS_GCC_OUT_REG (result) : __CMSIS_GCC_USE_REG (value) );
 316:Drivers/CMSIS/Include/cmsis_gcc.h ****   return result;
 317:Drivers/CMSIS/Include/cmsis_gcc.h **** }
 318:Drivers/CMSIS/Include/cmsis_gcc.h **** 
 319:Drivers/CMSIS/Include/cmsis_gcc.h **** 
 320:Drivers/CMSIS/Include/cmsis_gcc.h **** /**
 321:Drivers/CMSIS/Include/cmsis_gcc.h ****   \brief   Reverse byte order (16 bit)
 322:Drivers/CMSIS/Include/cmsis_gcc.h ****   \details Reverses the byte order in a 16-bit value and returns the signed 16-bit result. For exam
 323:Drivers/CMSIS/Include/cmsis_gcc.h ****   \param [in]    value  Value to reverse
 324:Drivers/CMSIS/Include/cmsis_gcc.h ****   \return               Reversed value
 325:Drivers/CMSIS/Include/cmsis_gcc.h ****  */
 326:Drivers/CMSIS/Include/cmsis_gcc.h **** __STATIC_FORCEINLINE int16_t __REVSH(int16_t value)
 327:Drivers/CMSIS/Include/cmsis_gcc.h **** {
 328:Drivers/CMSIS/Include/cmsis_gcc.h **** #if (__GNUC__ > 4) || (__GNUC__ == 4 && __GNUC_MINOR__ >= 8)
 329:Drivers/CMSIS/Include/cmsis_gcc.h ****   return (int16_t)__builtin_bswap16(value);
 330:Drivers/CMSIS/Include/cmsis_gcc.h **** #else
 331:Drivers/CMSIS/Include/cmsis_gcc.h ****   int16_t result;
 332:Drivers/CMSIS/Include/cmsis_gcc.h **** 
 333:Drivers/CMSIS/Include/cmsis_gcc.h ****   __ASM ("revsh %0, %1" : __CMSIS_GCC_OUT_REG (result) : __CMSIS_GCC_USE_REG (value) );
 334:Drivers/CMSIS/Include/cmsis_gcc.h ****   return result;
 335:Drivers/CMSIS/Include/cmsis_gcc.h **** #endif
 336:Drivers/CMSIS/Include/cmsis_gcc.h **** }
 337:Drivers/CMSIS/Include/cmsis_gcc.h **** 
 338:Drivers/CMSIS/Include/cmsis_gcc.h **** 
 339:Drivers/CMSIS/Include/cmsis_gcc.h **** /**
 340:Drivers/CMSIS/Include/cmsis_gcc.h ****   \brief   Rotate Right in unsigned value (32 bit)
 341:Drivers/CMSIS/Include/cmsis_gcc.h ****   \details Rotate Right (immediate) provides the value of the contents of a register rotated by a v
 342:Drivers/CMSIS/Include/cmsis_gcc.h ****   \param [in]    op1  Value to rotate
 343:Drivers/CMSIS/Include/cmsis_gcc.h ****   \param [in]    op2  Number of Bits to rotate
 344:Drivers/CMSIS/Include/cmsis_gcc.h ****   \return               Rotated value
 345:Drivers/CMSIS/Include/cmsis_gcc.h ****  */
 346:Drivers/CMSIS/Include/cmsis_gcc.h **** __STATIC_FORCEINLINE uint32_t __ROR(uint32_t op1, uint32_t op2)
 347:Drivers/CMSIS/Include/cmsis_gcc.h **** {
 348:Drivers/CMSIS/Include/cmsis_gcc.h ****   op2 %= 32U;
 349:Drivers/CMSIS/Include/cmsis_gcc.h ****   if (op2 == 0U)
ARM GAS  /tmp/cc8wgXJU.s 			page 18


 350:Drivers/CMSIS/Include/cmsis_gcc.h ****   {
 351:Drivers/CMSIS/Include/cmsis_gcc.h ****     return op1;
 352:Drivers/CMSIS/Include/cmsis_gcc.h ****   }
 353:Drivers/CMSIS/Include/cmsis_gcc.h ****   return (op1 >> op2) | (op1 << (32U - op2));
 354:Drivers/CMSIS/Include/cmsis_gcc.h **** }
 355:Drivers/CMSIS/Include/cmsis_gcc.h **** 
 356:Drivers/CMSIS/Include/cmsis_gcc.h **** 
 357:Drivers/CMSIS/Include/cmsis_gcc.h **** /**
 358:Drivers/CMSIS/Include/cmsis_gcc.h ****   \brief   Breakpoint
 359:Drivers/CMSIS/Include/cmsis_gcc.h ****   \details Causes the processor to enter Debug state.
 360:Drivers/CMSIS/Include/cmsis_gcc.h ****            Debug tools can use this to investigate system state when the instruction at a particula
 361:Drivers/CMSIS/Include/cmsis_gcc.h ****   \param [in]    value  is ignored by the processor.
 362:Drivers/CMSIS/Include/cmsis_gcc.h ****                  If required, a debugger can use it to store additional information about the break
 363:Drivers/CMSIS/Include/cmsis_gcc.h ****  */
 364:Drivers/CMSIS/Include/cmsis_gcc.h **** #define __BKPT(value)                       __ASM volatile ("bkpt "#value)
 365:Drivers/CMSIS/Include/cmsis_gcc.h **** 
 366:Drivers/CMSIS/Include/cmsis_gcc.h **** 
 367:Drivers/CMSIS/Include/cmsis_gcc.h **** /**
 368:Drivers/CMSIS/Include/cmsis_gcc.h ****   \brief   Reverse bit order of value
 369:Drivers/CMSIS/Include/cmsis_gcc.h ****   \details Reverses the bit order of the given value.
 370:Drivers/CMSIS/Include/cmsis_gcc.h ****   \param [in]    value  Value to reverse
 371:Drivers/CMSIS/Include/cmsis_gcc.h ****   \return               Reversed value
 372:Drivers/CMSIS/Include/cmsis_gcc.h ****  */
 373:Drivers/CMSIS/Include/cmsis_gcc.h **** __STATIC_FORCEINLINE uint32_t __RBIT(uint32_t value)
 374:Drivers/CMSIS/Include/cmsis_gcc.h **** {
 375:Drivers/CMSIS/Include/cmsis_gcc.h ****   uint32_t result;
 376:Drivers/CMSIS/Include/cmsis_gcc.h **** 
 377:Drivers/CMSIS/Include/cmsis_gcc.h **** #if ((defined (__ARM_ARCH_7M__      ) && (__ARM_ARCH_7M__      == 1)) || \
 378:Drivers/CMSIS/Include/cmsis_gcc.h ****      (defined (__ARM_ARCH_7EM__     ) && (__ARM_ARCH_7EM__     == 1)) || \
 379:Drivers/CMSIS/Include/cmsis_gcc.h ****      (defined (__ARM_ARCH_8M_MAIN__ ) && (__ARM_ARCH_8M_MAIN__ == 1))    )
 380:Drivers/CMSIS/Include/cmsis_gcc.h ****    __ASM ("rbit %0, %1" : "=r" (result) : "r" (value) );
 381:Drivers/CMSIS/Include/cmsis_gcc.h **** #else
 382:Drivers/CMSIS/Include/cmsis_gcc.h ****   uint32_t s = (4U /*sizeof(v)*/ * 8U) - 1U; /* extra shift needed at end */
 383:Drivers/CMSIS/Include/cmsis_gcc.h **** 
 384:Drivers/CMSIS/Include/cmsis_gcc.h ****   result = value;                      /* r will be reversed bits of v; first get LSB of v */
 385:Drivers/CMSIS/Include/cmsis_gcc.h ****   for (value >>= 1U; value != 0U; value >>= 1U)
 386:Drivers/CMSIS/Include/cmsis_gcc.h ****   {
 387:Drivers/CMSIS/Include/cmsis_gcc.h ****     result <<= 1U;
 388:Drivers/CMSIS/Include/cmsis_gcc.h ****     result |= value & 1U;
 389:Drivers/CMSIS/Include/cmsis_gcc.h ****     s--;
 390:Drivers/CMSIS/Include/cmsis_gcc.h ****   }
 391:Drivers/CMSIS/Include/cmsis_gcc.h ****   result <<= s;                        /* shift when v's highest bits are zero */
 392:Drivers/CMSIS/Include/cmsis_gcc.h **** #endif
 393:Drivers/CMSIS/Include/cmsis_gcc.h ****   return result;
 394:Drivers/CMSIS/Include/cmsis_gcc.h **** }
 395:Drivers/CMSIS/Include/cmsis_gcc.h **** 
 396:Drivers/CMSIS/Include/cmsis_gcc.h **** 
 397:Drivers/CMSIS/Include/cmsis_gcc.h **** /**
 398:Drivers/CMSIS/Include/cmsis_gcc.h ****   \brief   Count leading zeros
 399:Drivers/CMSIS/Include/cmsis_gcc.h ****   \details Counts the number of leading zeros of a data value.
 400:Drivers/CMSIS/Include/cmsis_gcc.h ****   \param [in]  value  Value to count the leading zeros
 401:Drivers/CMSIS/Include/cmsis_gcc.h ****   \return             number of leading zeros in value
 402:Drivers/CMSIS/Include/cmsis_gcc.h ****  */
 403:Drivers/CMSIS/Include/cmsis_gcc.h **** __STATIC_FORCEINLINE uint8_t __CLZ(uint32_t value)
 404:Drivers/CMSIS/Include/cmsis_gcc.h **** {
 405:Drivers/CMSIS/Include/cmsis_gcc.h ****   /* Even though __builtin_clz produces a CLZ instruction on ARM, formally
 406:Drivers/CMSIS/Include/cmsis_gcc.h ****      __builtin_clz(0) is undefined behaviour, so handle this case specially.
ARM GAS  /tmp/cc8wgXJU.s 			page 19


 407:Drivers/CMSIS/Include/cmsis_gcc.h ****      This guarantees ARM-compatible results if happening to compile on a non-ARM
 408:Drivers/CMSIS/Include/cmsis_gcc.h ****      target, and ensures the compiler doesn't decide to activate any
 409:Drivers/CMSIS/Include/cmsis_gcc.h ****      optimisations using the logic "value was passed to __builtin_clz, so it
 410:Drivers/CMSIS/Include/cmsis_gcc.h ****      is non-zero".
 411:Drivers/CMSIS/Include/cmsis_gcc.h ****      ARM GCC 7.3 and possibly earlier will optimise this test away, leaving a
 412:Drivers/CMSIS/Include/cmsis_gcc.h ****      single CLZ instruction.
 413:Drivers/CMSIS/Include/cmsis_gcc.h ****    */
 414:Drivers/CMSIS/Include/cmsis_gcc.h ****   if (value == 0U)
 415:Drivers/CMSIS/Include/cmsis_gcc.h ****   {
 416:Drivers/CMSIS/Include/cmsis_gcc.h ****     return 32U;
 417:Drivers/CMSIS/Include/cmsis_gcc.h ****   }
 418:Drivers/CMSIS/Include/cmsis_gcc.h ****   return __builtin_clz(value);
 419:Drivers/CMSIS/Include/cmsis_gcc.h **** }
 420:Drivers/CMSIS/Include/cmsis_gcc.h **** 
 421:Drivers/CMSIS/Include/cmsis_gcc.h **** 
 422:Drivers/CMSIS/Include/cmsis_gcc.h **** #if ((defined (__ARM_ARCH_7M__      ) && (__ARM_ARCH_7M__      == 1)) || \
 423:Drivers/CMSIS/Include/cmsis_gcc.h ****      (defined (__ARM_ARCH_7EM__     ) && (__ARM_ARCH_7EM__     == 1)) || \
 424:Drivers/CMSIS/Include/cmsis_gcc.h ****      (defined (__ARM_ARCH_8M_MAIN__ ) && (__ARM_ARCH_8M_MAIN__ == 1)) || \
 425:Drivers/CMSIS/Include/cmsis_gcc.h ****      (defined (__ARM_ARCH_8M_BASE__ ) && (__ARM_ARCH_8M_BASE__ == 1))    )
 426:Drivers/CMSIS/Include/cmsis_gcc.h **** /**
 427:Drivers/CMSIS/Include/cmsis_gcc.h ****   \brief   LDR Exclusive (8 bit)
 428:Drivers/CMSIS/Include/cmsis_gcc.h ****   \details Executes a exclusive LDR instruction for 8 bit value.
 429:Drivers/CMSIS/Include/cmsis_gcc.h ****   \param [in]    ptr  Pointer to data
 430:Drivers/CMSIS/Include/cmsis_gcc.h ****   \return             value of type uint8_t at (*ptr)
 431:Drivers/CMSIS/Include/cmsis_gcc.h ****  */
 432:Drivers/CMSIS/Include/cmsis_gcc.h **** __STATIC_FORCEINLINE uint8_t __LDREXB(volatile uint8_t *addr)
 433:Drivers/CMSIS/Include/cmsis_gcc.h **** {
 434:Drivers/CMSIS/Include/cmsis_gcc.h ****     uint32_t result;
 435:Drivers/CMSIS/Include/cmsis_gcc.h **** 
 436:Drivers/CMSIS/Include/cmsis_gcc.h **** #if (__GNUC__ > 4) || (__GNUC__ == 4 && __GNUC_MINOR__ >= 8)
 437:Drivers/CMSIS/Include/cmsis_gcc.h ****    __ASM volatile ("ldrexb %0, %1" : "=r" (result) : "Q" (*addr) );
 438:Drivers/CMSIS/Include/cmsis_gcc.h **** #else
 439:Drivers/CMSIS/Include/cmsis_gcc.h ****     /* Prior to GCC 4.8, "Q" will be expanded to [rx, #0] which is not
 440:Drivers/CMSIS/Include/cmsis_gcc.h ****        accepted by assembler. So has to use following less efficient pattern.
 441:Drivers/CMSIS/Include/cmsis_gcc.h ****     */
 442:Drivers/CMSIS/Include/cmsis_gcc.h ****    __ASM volatile ("ldrexb %0, [%1]" : "=r" (result) : "r" (addr) : "memory" );
 443:Drivers/CMSIS/Include/cmsis_gcc.h **** #endif
 444:Drivers/CMSIS/Include/cmsis_gcc.h ****    return ((uint8_t) result);    /* Add explicit type cast here */
 445:Drivers/CMSIS/Include/cmsis_gcc.h **** }
 446:Drivers/CMSIS/Include/cmsis_gcc.h **** 
 447:Drivers/CMSIS/Include/cmsis_gcc.h **** 
 448:Drivers/CMSIS/Include/cmsis_gcc.h **** /**
 449:Drivers/CMSIS/Include/cmsis_gcc.h ****   \brief   LDR Exclusive (16 bit)
 450:Drivers/CMSIS/Include/cmsis_gcc.h ****   \details Executes a exclusive LDR instruction for 16 bit values.
 451:Drivers/CMSIS/Include/cmsis_gcc.h ****   \param [in]    ptr  Pointer to data
 452:Drivers/CMSIS/Include/cmsis_gcc.h ****   \return        value of type uint16_t at (*ptr)
 453:Drivers/CMSIS/Include/cmsis_gcc.h ****  */
 454:Drivers/CMSIS/Include/cmsis_gcc.h **** __STATIC_FORCEINLINE uint16_t __LDREXH(volatile uint16_t *addr)
 455:Drivers/CMSIS/Include/cmsis_gcc.h **** {
 456:Drivers/CMSIS/Include/cmsis_gcc.h ****     uint32_t result;
 457:Drivers/CMSIS/Include/cmsis_gcc.h **** 
 458:Drivers/CMSIS/Include/cmsis_gcc.h **** #if (__GNUC__ > 4) || (__GNUC__ == 4 && __GNUC_MINOR__ >= 8)
 459:Drivers/CMSIS/Include/cmsis_gcc.h ****    __ASM volatile ("ldrexh %0, %1" : "=r" (result) : "Q" (*addr) );
 460:Drivers/CMSIS/Include/cmsis_gcc.h **** #else
 461:Drivers/CMSIS/Include/cmsis_gcc.h ****     /* Prior to GCC 4.8, "Q" will be expanded to [rx, #0] which is not
 462:Drivers/CMSIS/Include/cmsis_gcc.h ****        accepted by assembler. So has to use following less efficient pattern.
 463:Drivers/CMSIS/Include/cmsis_gcc.h ****     */
ARM GAS  /tmp/cc8wgXJU.s 			page 20


 464:Drivers/CMSIS/Include/cmsis_gcc.h ****    __ASM volatile ("ldrexh %0, [%1]" : "=r" (result) : "r" (addr) : "memory" );
 465:Drivers/CMSIS/Include/cmsis_gcc.h **** #endif
 466:Drivers/CMSIS/Include/cmsis_gcc.h ****    return ((uint16_t) result);    /* Add explicit type cast here */
 467:Drivers/CMSIS/Include/cmsis_gcc.h **** }
 468:Drivers/CMSIS/Include/cmsis_gcc.h **** 
 469:Drivers/CMSIS/Include/cmsis_gcc.h **** 
 470:Drivers/CMSIS/Include/cmsis_gcc.h **** /**
 471:Drivers/CMSIS/Include/cmsis_gcc.h ****   \brief   LDR Exclusive (32 bit)
 472:Drivers/CMSIS/Include/cmsis_gcc.h ****   \details Executes a exclusive LDR instruction for 32 bit values.
 473:Drivers/CMSIS/Include/cmsis_gcc.h ****   \param [in]    ptr  Pointer to data
 474:Drivers/CMSIS/Include/cmsis_gcc.h ****   \return        value of type uint32_t at (*ptr)
 475:Drivers/CMSIS/Include/cmsis_gcc.h ****  */
 476:Drivers/CMSIS/Include/cmsis_gcc.h **** __STATIC_FORCEINLINE uint32_t __LDREXW(volatile uint32_t *addr)
 477:Drivers/CMSIS/Include/cmsis_gcc.h **** {
 478:Drivers/CMSIS/Include/cmsis_gcc.h ****     uint32_t result;
 479:Drivers/CMSIS/Include/cmsis_gcc.h **** 
 480:Drivers/CMSIS/Include/cmsis_gcc.h ****    __ASM volatile ("ldrex %0, %1" : "=r" (result) : "Q" (*addr) );
 481:Drivers/CMSIS/Include/cmsis_gcc.h ****    return(result);
 482:Drivers/CMSIS/Include/cmsis_gcc.h **** }
 483:Drivers/CMSIS/Include/cmsis_gcc.h **** 
 484:Drivers/CMSIS/Include/cmsis_gcc.h **** 
 485:Drivers/CMSIS/Include/cmsis_gcc.h **** /**
 486:Drivers/CMSIS/Include/cmsis_gcc.h ****   \brief   STR Exclusive (8 bit)
 487:Drivers/CMSIS/Include/cmsis_gcc.h ****   \details Executes a exclusive STR instruction for 8 bit values.
 488:Drivers/CMSIS/Include/cmsis_gcc.h ****   \param [in]  value  Value to store
 489:Drivers/CMSIS/Include/cmsis_gcc.h ****   \param [in]    ptr  Pointer to location
 490:Drivers/CMSIS/Include/cmsis_gcc.h ****   \return          0  Function succeeded
 491:Drivers/CMSIS/Include/cmsis_gcc.h ****   \return          1  Function failed
 492:Drivers/CMSIS/Include/cmsis_gcc.h ****  */
 493:Drivers/CMSIS/Include/cmsis_gcc.h **** __STATIC_FORCEINLINE uint32_t __STREXB(uint8_t value, volatile uint8_t *addr)
 494:Drivers/CMSIS/Include/cmsis_gcc.h **** {
 495:Drivers/CMSIS/Include/cmsis_gcc.h ****    uint32_t result;
 496:Drivers/CMSIS/Include/cmsis_gcc.h **** 
 497:Drivers/CMSIS/Include/cmsis_gcc.h ****    __ASM volatile ("strexb %0, %2, %1" : "=&r" (result), "=Q" (*addr) : "r" ((uint32_t)value) );
 498:Drivers/CMSIS/Include/cmsis_gcc.h ****    return(result);
 499:Drivers/CMSIS/Include/cmsis_gcc.h **** }
 500:Drivers/CMSIS/Include/cmsis_gcc.h **** 
 501:Drivers/CMSIS/Include/cmsis_gcc.h **** 
 502:Drivers/CMSIS/Include/cmsis_gcc.h **** /**
 503:Drivers/CMSIS/Include/cmsis_gcc.h ****   \brief   STR Exclusive (16 bit)
 504:Drivers/CMSIS/Include/cmsis_gcc.h ****   \details Executes a exclusive STR instruction for 16 bit values.
 505:Drivers/CMSIS/Include/cmsis_gcc.h ****   \param [in]  value  Value to store
 506:Drivers/CMSIS/Include/cmsis_gcc.h ****   \param [in]    ptr  Pointer to location
 507:Drivers/CMSIS/Include/cmsis_gcc.h ****   \return          0  Function succeeded
 508:Drivers/CMSIS/Include/cmsis_gcc.h ****   \return          1  Function failed
 509:Drivers/CMSIS/Include/cmsis_gcc.h ****  */
 510:Drivers/CMSIS/Include/cmsis_gcc.h **** __STATIC_FORCEINLINE uint32_t __STREXH(uint16_t value, volatile uint16_t *addr)
 511:Drivers/CMSIS/Include/cmsis_gcc.h **** {
 512:Drivers/CMSIS/Include/cmsis_gcc.h ****    uint32_t result;
 513:Drivers/CMSIS/Include/cmsis_gcc.h **** 
 514:Drivers/CMSIS/Include/cmsis_gcc.h ****    __ASM volatile ("strexh %0, %2, %1" : "=&r" (result), "=Q" (*addr) : "r" ((uint32_t)value) );
 515:Drivers/CMSIS/Include/cmsis_gcc.h ****    return(result);
 516:Drivers/CMSIS/Include/cmsis_gcc.h **** }
 517:Drivers/CMSIS/Include/cmsis_gcc.h **** 
 518:Drivers/CMSIS/Include/cmsis_gcc.h **** 
 519:Drivers/CMSIS/Include/cmsis_gcc.h **** /**
 520:Drivers/CMSIS/Include/cmsis_gcc.h ****   \brief   STR Exclusive (32 bit)
ARM GAS  /tmp/cc8wgXJU.s 			page 21


 521:Drivers/CMSIS/Include/cmsis_gcc.h ****   \details Executes a exclusive STR instruction for 32 bit values.
 522:Drivers/CMSIS/Include/cmsis_gcc.h ****   \param [in]  value  Value to store
 523:Drivers/CMSIS/Include/cmsis_gcc.h ****   \param [in]    ptr  Pointer to location
 524:Drivers/CMSIS/Include/cmsis_gcc.h ****   \return          0  Function succeeded
 525:Drivers/CMSIS/Include/cmsis_gcc.h ****   \return          1  Function failed
 526:Drivers/CMSIS/Include/cmsis_gcc.h ****  */
 527:Drivers/CMSIS/Include/cmsis_gcc.h **** __STATIC_FORCEINLINE uint32_t __STREXW(uint32_t value, volatile uint32_t *addr)
 528:Drivers/CMSIS/Include/cmsis_gcc.h **** {
 529:Drivers/CMSIS/Include/cmsis_gcc.h ****    uint32_t result;
 530:Drivers/CMSIS/Include/cmsis_gcc.h **** 
 531:Drivers/CMSIS/Include/cmsis_gcc.h ****    __ASM volatile ("strex %0, %2, %1" : "=&r" (result), "=Q" (*addr) : "r" (value) );
 532:Drivers/CMSIS/Include/cmsis_gcc.h ****    return(result);
 533:Drivers/CMSIS/Include/cmsis_gcc.h **** }
 534:Drivers/CMSIS/Include/cmsis_gcc.h **** 
 535:Drivers/CMSIS/Include/cmsis_gcc.h **** 
 536:Drivers/CMSIS/Include/cmsis_gcc.h **** /**
 537:Drivers/CMSIS/Include/cmsis_gcc.h ****   \brief   Remove the exclusive lock
 538:Drivers/CMSIS/Include/cmsis_gcc.h ****   \details Removes the exclusive lock which is created by LDREX.
 539:Drivers/CMSIS/Include/cmsis_gcc.h ****  */
 540:Drivers/CMSIS/Include/cmsis_gcc.h **** __STATIC_FORCEINLINE void __CLREX(void)
 541:Drivers/CMSIS/Include/cmsis_gcc.h **** {
 542:Drivers/CMSIS/Include/cmsis_gcc.h ****   __ASM volatile ("clrex" ::: "memory");
 543:Drivers/CMSIS/Include/cmsis_gcc.h **** }
 544:Drivers/CMSIS/Include/cmsis_gcc.h **** 
 545:Drivers/CMSIS/Include/cmsis_gcc.h **** #endif /* ((defined (__ARM_ARCH_7M__      ) && (__ARM_ARCH_7M__      == 1)) || \
 546:Drivers/CMSIS/Include/cmsis_gcc.h ****            (defined (__ARM_ARCH_7EM__     ) && (__ARM_ARCH_7EM__     == 1)) || \
 547:Drivers/CMSIS/Include/cmsis_gcc.h ****            (defined (__ARM_ARCH_8M_MAIN__ ) && (__ARM_ARCH_8M_MAIN__ == 1)) || \
 548:Drivers/CMSIS/Include/cmsis_gcc.h ****            (defined (__ARM_ARCH_8M_BASE__ ) && (__ARM_ARCH_8M_BASE__ == 1))    ) */
 549:Drivers/CMSIS/Include/cmsis_gcc.h **** 
 550:Drivers/CMSIS/Include/cmsis_gcc.h **** 
 551:Drivers/CMSIS/Include/cmsis_gcc.h **** #if ((defined (__ARM_ARCH_7M__      ) && (__ARM_ARCH_7M__      == 1)) || \
 552:Drivers/CMSIS/Include/cmsis_gcc.h ****      (defined (__ARM_ARCH_7EM__     ) && (__ARM_ARCH_7EM__     == 1)) || \
 553:Drivers/CMSIS/Include/cmsis_gcc.h ****      (defined (__ARM_ARCH_8M_MAIN__ ) && (__ARM_ARCH_8M_MAIN__ == 1))    )
 554:Drivers/CMSIS/Include/cmsis_gcc.h **** /**
 555:Drivers/CMSIS/Include/cmsis_gcc.h ****   \brief   Signed Saturate
 556:Drivers/CMSIS/Include/cmsis_gcc.h ****   \details Saturates a signed value.
 557:Drivers/CMSIS/Include/cmsis_gcc.h ****   \param [in]  ARG1  Value to be saturated
 558:Drivers/CMSIS/Include/cmsis_gcc.h ****   \param [in]  ARG2  Bit position to saturate to (1..32)
 559:Drivers/CMSIS/Include/cmsis_gcc.h ****   \return             Saturated value
 560:Drivers/CMSIS/Include/cmsis_gcc.h ****  */
 561:Drivers/CMSIS/Include/cmsis_gcc.h **** #define __SSAT(ARG1, ARG2) \
 562:Drivers/CMSIS/Include/cmsis_gcc.h **** __extension__ \
 563:Drivers/CMSIS/Include/cmsis_gcc.h **** ({                          \
 564:Drivers/CMSIS/Include/cmsis_gcc.h ****   int32_t __RES, __ARG1 = (ARG1); \
 565:Drivers/CMSIS/Include/cmsis_gcc.h ****   __ASM volatile ("ssat %0, %1, %2" : "=r" (__RES) :  "I" (ARG2), "r" (__ARG1) : "cc" ); \
 566:Drivers/CMSIS/Include/cmsis_gcc.h ****   __RES; \
 567:Drivers/CMSIS/Include/cmsis_gcc.h ****  })
 568:Drivers/CMSIS/Include/cmsis_gcc.h **** 
 569:Drivers/CMSIS/Include/cmsis_gcc.h **** 
 570:Drivers/CMSIS/Include/cmsis_gcc.h **** /**
 571:Drivers/CMSIS/Include/cmsis_gcc.h ****   \brief   Unsigned Saturate
 572:Drivers/CMSIS/Include/cmsis_gcc.h ****   \details Saturates an unsigned value.
 573:Drivers/CMSIS/Include/cmsis_gcc.h ****   \param [in]  ARG1  Value to be saturated
 574:Drivers/CMSIS/Include/cmsis_gcc.h ****   \param [in]  ARG2  Bit position to saturate to (0..31)
 575:Drivers/CMSIS/Include/cmsis_gcc.h ****   \return             Saturated value
 576:Drivers/CMSIS/Include/cmsis_gcc.h ****  */
 577:Drivers/CMSIS/Include/cmsis_gcc.h **** #define __USAT(ARG1, ARG2) \
ARM GAS  /tmp/cc8wgXJU.s 			page 22


 578:Drivers/CMSIS/Include/cmsis_gcc.h **** __extension__ \
 579:Drivers/CMSIS/Include/cmsis_gcc.h **** ({                          \
 580:Drivers/CMSIS/Include/cmsis_gcc.h ****   uint32_t __RES, __ARG1 = (ARG1); \
 581:Drivers/CMSIS/Include/cmsis_gcc.h ****   __ASM volatile ("usat %0, %1, %2" : "=r" (__RES) :  "I" (ARG2), "r" (__ARG1) : "cc" ); \
 582:Drivers/CMSIS/Include/cmsis_gcc.h ****   __RES; \
 583:Drivers/CMSIS/Include/cmsis_gcc.h ****  })
 584:Drivers/CMSIS/Include/cmsis_gcc.h **** 
 585:Drivers/CMSIS/Include/cmsis_gcc.h **** 
 586:Drivers/CMSIS/Include/cmsis_gcc.h **** /**
 587:Drivers/CMSIS/Include/cmsis_gcc.h ****   \brief   Rotate Right with Extend (32 bit)
 588:Drivers/CMSIS/Include/cmsis_gcc.h ****   \details Moves each bit of a bitstring right by one bit.
 589:Drivers/CMSIS/Include/cmsis_gcc.h ****            The carry input is shifted in at the left end of the bitstring.
 590:Drivers/CMSIS/Include/cmsis_gcc.h ****   \param [in]    value  Value to rotate
 591:Drivers/CMSIS/Include/cmsis_gcc.h ****   \return               Rotated value
 592:Drivers/CMSIS/Include/cmsis_gcc.h ****  */
 593:Drivers/CMSIS/Include/cmsis_gcc.h **** __STATIC_FORCEINLINE uint32_t __RRX(uint32_t value)
 594:Drivers/CMSIS/Include/cmsis_gcc.h **** {
 595:Drivers/CMSIS/Include/cmsis_gcc.h ****   uint32_t result;
 596:Drivers/CMSIS/Include/cmsis_gcc.h **** 
 597:Drivers/CMSIS/Include/cmsis_gcc.h ****   __ASM volatile ("rrx %0, %1" : __CMSIS_GCC_OUT_REG (result) : __CMSIS_GCC_USE_REG (value) );
 598:Drivers/CMSIS/Include/cmsis_gcc.h ****   return(result);
 599:Drivers/CMSIS/Include/cmsis_gcc.h **** }
 600:Drivers/CMSIS/Include/cmsis_gcc.h **** 
 601:Drivers/CMSIS/Include/cmsis_gcc.h **** 
 602:Drivers/CMSIS/Include/cmsis_gcc.h **** /**
 603:Drivers/CMSIS/Include/cmsis_gcc.h ****   \brief   LDRT Unprivileged (8 bit)
 604:Drivers/CMSIS/Include/cmsis_gcc.h ****   \details Executes a Unprivileged LDRT instruction for 8 bit value.
 605:Drivers/CMSIS/Include/cmsis_gcc.h ****   \param [in]    ptr  Pointer to data
 606:Drivers/CMSIS/Include/cmsis_gcc.h ****   \return             value of type uint8_t at (*ptr)
 607:Drivers/CMSIS/Include/cmsis_gcc.h ****  */
 608:Drivers/CMSIS/Include/cmsis_gcc.h **** __STATIC_FORCEINLINE uint8_t __LDRBT(volatile uint8_t *ptr)
 609:Drivers/CMSIS/Include/cmsis_gcc.h **** {
 610:Drivers/CMSIS/Include/cmsis_gcc.h ****     uint32_t result;
 611:Drivers/CMSIS/Include/cmsis_gcc.h **** 
 612:Drivers/CMSIS/Include/cmsis_gcc.h **** #if (__GNUC__ > 4) || (__GNUC__ == 4 && __GNUC_MINOR__ >= 8)
 613:Drivers/CMSIS/Include/cmsis_gcc.h ****    __ASM volatile ("ldrbt %0, %1" : "=r" (result) : "Q" (*ptr) );
 614:Drivers/CMSIS/Include/cmsis_gcc.h **** #else
 615:Drivers/CMSIS/Include/cmsis_gcc.h ****     /* Prior to GCC 4.8, "Q" will be expanded to [rx, #0] which is not
 616:Drivers/CMSIS/Include/cmsis_gcc.h ****        accepted by assembler. So has to use following less efficient pattern.
 617:Drivers/CMSIS/Include/cmsis_gcc.h ****     */
 618:Drivers/CMSIS/Include/cmsis_gcc.h ****    __ASM volatile ("ldrbt %0, [%1]" : "=r" (result) : "r" (ptr) : "memory" );
 619:Drivers/CMSIS/Include/cmsis_gcc.h **** #endif
 620:Drivers/CMSIS/Include/cmsis_gcc.h ****    return ((uint8_t) result);    /* Add explicit type cast here */
 621:Drivers/CMSIS/Include/cmsis_gcc.h **** }
 622:Drivers/CMSIS/Include/cmsis_gcc.h **** 
 623:Drivers/CMSIS/Include/cmsis_gcc.h **** 
 624:Drivers/CMSIS/Include/cmsis_gcc.h **** /**
 625:Drivers/CMSIS/Include/cmsis_gcc.h ****   \brief   LDRT Unprivileged (16 bit)
 626:Drivers/CMSIS/Include/cmsis_gcc.h ****   \details Executes a Unprivileged LDRT instruction for 16 bit values.
 627:Drivers/CMSIS/Include/cmsis_gcc.h ****   \param [in]    ptr  Pointer to data
 628:Drivers/CMSIS/Include/cmsis_gcc.h ****   \return        value of type uint16_t at (*ptr)
 629:Drivers/CMSIS/Include/cmsis_gcc.h ****  */
 630:Drivers/CMSIS/Include/cmsis_gcc.h **** __STATIC_FORCEINLINE uint16_t __LDRHT(volatile uint16_t *ptr)
 631:Drivers/CMSIS/Include/cmsis_gcc.h **** {
 632:Drivers/CMSIS/Include/cmsis_gcc.h ****     uint32_t result;
 633:Drivers/CMSIS/Include/cmsis_gcc.h **** 
 634:Drivers/CMSIS/Include/cmsis_gcc.h **** #if (__GNUC__ > 4) || (__GNUC__ == 4 && __GNUC_MINOR__ >= 8)
ARM GAS  /tmp/cc8wgXJU.s 			page 23


 635:Drivers/CMSIS/Include/cmsis_gcc.h ****    __ASM volatile ("ldrht %0, %1" : "=r" (result) : "Q" (*ptr) );
 636:Drivers/CMSIS/Include/cmsis_gcc.h **** #else
 637:Drivers/CMSIS/Include/cmsis_gcc.h ****     /* Prior to GCC 4.8, "Q" will be expanded to [rx, #0] which is not
 638:Drivers/CMSIS/Include/cmsis_gcc.h ****        accepted by assembler. So has to use following less efficient pattern.
 639:Drivers/CMSIS/Include/cmsis_gcc.h ****     */
 640:Drivers/CMSIS/Include/cmsis_gcc.h ****    __ASM volatile ("ldrht %0, [%1]" : "=r" (result) : "r" (ptr) : "memory" );
 641:Drivers/CMSIS/Include/cmsis_gcc.h **** #endif
 642:Drivers/CMSIS/Include/cmsis_gcc.h ****    return ((uint16_t) result);    /* Add explicit type cast here */
 643:Drivers/CMSIS/Include/cmsis_gcc.h **** }
 644:Drivers/CMSIS/Include/cmsis_gcc.h **** 
 645:Drivers/CMSIS/Include/cmsis_gcc.h **** 
 646:Drivers/CMSIS/Include/cmsis_gcc.h **** /**
 647:Drivers/CMSIS/Include/cmsis_gcc.h ****   \brief   LDRT Unprivileged (32 bit)
 648:Drivers/CMSIS/Include/cmsis_gcc.h ****   \details Executes a Unprivileged LDRT instruction for 32 bit values.
 649:Drivers/CMSIS/Include/cmsis_gcc.h ****   \param [in]    ptr  Pointer to data
 650:Drivers/CMSIS/Include/cmsis_gcc.h ****   \return        value of type uint32_t at (*ptr)
 651:Drivers/CMSIS/Include/cmsis_gcc.h ****  */
 652:Drivers/CMSIS/Include/cmsis_gcc.h **** __STATIC_FORCEINLINE uint32_t __LDRT(volatile uint32_t *ptr)
 653:Drivers/CMSIS/Include/cmsis_gcc.h **** {
 654:Drivers/CMSIS/Include/cmsis_gcc.h ****     uint32_t result;
 655:Drivers/CMSIS/Include/cmsis_gcc.h **** 
 656:Drivers/CMSIS/Include/cmsis_gcc.h ****    __ASM volatile ("ldrt %0, %1" : "=r" (result) : "Q" (*ptr) );
 657:Drivers/CMSIS/Include/cmsis_gcc.h ****    return(result);
 658:Drivers/CMSIS/Include/cmsis_gcc.h **** }
 659:Drivers/CMSIS/Include/cmsis_gcc.h **** 
 660:Drivers/CMSIS/Include/cmsis_gcc.h **** 
 661:Drivers/CMSIS/Include/cmsis_gcc.h **** /**
 662:Drivers/CMSIS/Include/cmsis_gcc.h ****   \brief   STRT Unprivileged (8 bit)
 663:Drivers/CMSIS/Include/cmsis_gcc.h ****   \details Executes a Unprivileged STRT instruction for 8 bit values.
 664:Drivers/CMSIS/Include/cmsis_gcc.h ****   \param [in]  value  Value to store
 665:Drivers/CMSIS/Include/cmsis_gcc.h ****   \param [in]    ptr  Pointer to location
 666:Drivers/CMSIS/Include/cmsis_gcc.h ****  */
 667:Drivers/CMSIS/Include/cmsis_gcc.h **** __STATIC_FORCEINLINE void __STRBT(uint8_t value, volatile uint8_t *ptr)
 668:Drivers/CMSIS/Include/cmsis_gcc.h **** {
 669:Drivers/CMSIS/Include/cmsis_gcc.h ****    __ASM volatile ("strbt %1, %0" : "=Q" (*ptr) : "r" ((uint32_t)value) );
 670:Drivers/CMSIS/Include/cmsis_gcc.h **** }
 671:Drivers/CMSIS/Include/cmsis_gcc.h **** 
 672:Drivers/CMSIS/Include/cmsis_gcc.h **** 
 673:Drivers/CMSIS/Include/cmsis_gcc.h **** /**
 674:Drivers/CMSIS/Include/cmsis_gcc.h ****   \brief   STRT Unprivileged (16 bit)
 675:Drivers/CMSIS/Include/cmsis_gcc.h ****   \details Executes a Unprivileged STRT instruction for 16 bit values.
 676:Drivers/CMSIS/Include/cmsis_gcc.h ****   \param [in]  value  Value to store
 677:Drivers/CMSIS/Include/cmsis_gcc.h ****   \param [in]    ptr  Pointer to location
 678:Drivers/CMSIS/Include/cmsis_gcc.h ****  */
 679:Drivers/CMSIS/Include/cmsis_gcc.h **** __STATIC_FORCEINLINE void __STRHT(uint16_t value, volatile uint16_t *ptr)
 680:Drivers/CMSIS/Include/cmsis_gcc.h **** {
 681:Drivers/CMSIS/Include/cmsis_gcc.h ****    __ASM volatile ("strht %1, %0" : "=Q" (*ptr) : "r" ((uint32_t)value) );
 682:Drivers/CMSIS/Include/cmsis_gcc.h **** }
 683:Drivers/CMSIS/Include/cmsis_gcc.h **** 
 684:Drivers/CMSIS/Include/cmsis_gcc.h **** 
 685:Drivers/CMSIS/Include/cmsis_gcc.h **** /**
 686:Drivers/CMSIS/Include/cmsis_gcc.h ****   \brief   STRT Unprivileged (32 bit)
 687:Drivers/CMSIS/Include/cmsis_gcc.h ****   \details Executes a Unprivileged STRT instruction for 32 bit values.
 688:Drivers/CMSIS/Include/cmsis_gcc.h ****   \param [in]  value  Value to store
 689:Drivers/CMSIS/Include/cmsis_gcc.h ****   \param [in]    ptr  Pointer to location
 690:Drivers/CMSIS/Include/cmsis_gcc.h ****  */
 691:Drivers/CMSIS/Include/cmsis_gcc.h **** __STATIC_FORCEINLINE void __STRT(uint32_t value, volatile uint32_t *ptr)
ARM GAS  /tmp/cc8wgXJU.s 			page 24


 692:Drivers/CMSIS/Include/cmsis_gcc.h **** {
 693:Drivers/CMSIS/Include/cmsis_gcc.h ****    __ASM volatile ("strt %1, %0" : "=Q" (*ptr) : "r" (value) );
 694:Drivers/CMSIS/Include/cmsis_gcc.h **** }
 695:Drivers/CMSIS/Include/cmsis_gcc.h **** 
 696:Drivers/CMSIS/Include/cmsis_gcc.h **** #else  /* ((defined (__ARM_ARCH_7M__      ) && (__ARM_ARCH_7M__      == 1)) || \
 697:Drivers/CMSIS/Include/cmsis_gcc.h ****            (defined (__ARM_ARCH_7EM__     ) && (__ARM_ARCH_7EM__     == 1)) || \
 698:Drivers/CMSIS/Include/cmsis_gcc.h ****            (defined (__ARM_ARCH_8M_MAIN__ ) && (__ARM_ARCH_8M_MAIN__ == 1))    ) */
 699:Drivers/CMSIS/Include/cmsis_gcc.h **** 
 700:Drivers/CMSIS/Include/cmsis_gcc.h **** /**
 701:Drivers/CMSIS/Include/cmsis_gcc.h ****   \brief   Signed Saturate
 702:Drivers/CMSIS/Include/cmsis_gcc.h ****   \details Saturates a signed value.
 703:Drivers/CMSIS/Include/cmsis_gcc.h ****   \param [in]  value  Value to be saturated
 704:Drivers/CMSIS/Include/cmsis_gcc.h ****   \param [in]    sat  Bit position to saturate to (1..32)
 705:Drivers/CMSIS/Include/cmsis_gcc.h ****   \return             Saturated value
 706:Drivers/CMSIS/Include/cmsis_gcc.h ****  */
 707:Drivers/CMSIS/Include/cmsis_gcc.h **** __STATIC_FORCEINLINE int32_t __SSAT(int32_t val, uint32_t sat)
 708:Drivers/CMSIS/Include/cmsis_gcc.h **** {
 709:Drivers/CMSIS/Include/cmsis_gcc.h ****   if ((sat >= 1U) && (sat <= 32U))
 710:Drivers/CMSIS/Include/cmsis_gcc.h ****   {
 711:Drivers/CMSIS/Include/cmsis_gcc.h ****     const int32_t max = (int32_t)((1U << (sat - 1U)) - 1U);
 712:Drivers/CMSIS/Include/cmsis_gcc.h ****     const int32_t min = -1 - max ;
 713:Drivers/CMSIS/Include/cmsis_gcc.h ****     if (val > max)
 714:Drivers/CMSIS/Include/cmsis_gcc.h ****     {
 715:Drivers/CMSIS/Include/cmsis_gcc.h ****       return max;
 716:Drivers/CMSIS/Include/cmsis_gcc.h ****     }
 717:Drivers/CMSIS/Include/cmsis_gcc.h ****     else if (val < min)
 718:Drivers/CMSIS/Include/cmsis_gcc.h ****     {
 719:Drivers/CMSIS/Include/cmsis_gcc.h ****       return min;
 720:Drivers/CMSIS/Include/cmsis_gcc.h ****     }
 721:Drivers/CMSIS/Include/cmsis_gcc.h ****   }
 722:Drivers/CMSIS/Include/cmsis_gcc.h ****   return val;
 723:Drivers/CMSIS/Include/cmsis_gcc.h **** }
 724:Drivers/CMSIS/Include/cmsis_gcc.h **** 
 725:Drivers/CMSIS/Include/cmsis_gcc.h **** /**
 726:Drivers/CMSIS/Include/cmsis_gcc.h ****   \brief   Unsigned Saturate
 727:Drivers/CMSIS/Include/cmsis_gcc.h ****   \details Saturates an unsigned value.
 728:Drivers/CMSIS/Include/cmsis_gcc.h ****   \param [in]  value  Value to be saturated
 729:Drivers/CMSIS/Include/cmsis_gcc.h ****   \param [in]    sat  Bit position to saturate to (0..31)
 730:Drivers/CMSIS/Include/cmsis_gcc.h ****   \return             Saturated value
 731:Drivers/CMSIS/Include/cmsis_gcc.h ****  */
 732:Drivers/CMSIS/Include/cmsis_gcc.h **** __STATIC_FORCEINLINE uint32_t __USAT(int32_t val, uint32_t sat)
 733:Drivers/CMSIS/Include/cmsis_gcc.h **** {
 734:Drivers/CMSIS/Include/cmsis_gcc.h ****   if (sat <= 31U)
 735:Drivers/CMSIS/Include/cmsis_gcc.h ****   {
 736:Drivers/CMSIS/Include/cmsis_gcc.h ****     const uint32_t max = ((1U << sat) - 1U);
 737:Drivers/CMSIS/Include/cmsis_gcc.h ****     if (val > (int32_t)max)
 738:Drivers/CMSIS/Include/cmsis_gcc.h ****     {
 739:Drivers/CMSIS/Include/cmsis_gcc.h ****       return max;
 740:Drivers/CMSIS/Include/cmsis_gcc.h ****     }
 741:Drivers/CMSIS/Include/cmsis_gcc.h ****     else if (val < 0)
 742:Drivers/CMSIS/Include/cmsis_gcc.h ****     {
 743:Drivers/CMSIS/Include/cmsis_gcc.h ****       return 0U;
 744:Drivers/CMSIS/Include/cmsis_gcc.h ****     }
 745:Drivers/CMSIS/Include/cmsis_gcc.h ****   }
 746:Drivers/CMSIS/Include/cmsis_gcc.h ****   return (uint32_t)val;
 747:Drivers/CMSIS/Include/cmsis_gcc.h **** }
 748:Drivers/CMSIS/Include/cmsis_gcc.h **** 
ARM GAS  /tmp/cc8wgXJU.s 			page 25


 749:Drivers/CMSIS/Include/cmsis_gcc.h **** #endif /* ((defined (__ARM_ARCH_7M__      ) && (__ARM_ARCH_7M__      == 1)) || \
 750:Drivers/CMSIS/Include/cmsis_gcc.h ****            (defined (__ARM_ARCH_7EM__     ) && (__ARM_ARCH_7EM__     == 1)) || \
 751:Drivers/CMSIS/Include/cmsis_gcc.h ****            (defined (__ARM_ARCH_8M_MAIN__ ) && (__ARM_ARCH_8M_MAIN__ == 1))    ) */
 752:Drivers/CMSIS/Include/cmsis_gcc.h **** 
 753:Drivers/CMSIS/Include/cmsis_gcc.h **** 
 754:Drivers/CMSIS/Include/cmsis_gcc.h **** #if ((defined (__ARM_ARCH_8M_MAIN__ ) && (__ARM_ARCH_8M_MAIN__ == 1)) || \
 755:Drivers/CMSIS/Include/cmsis_gcc.h ****      (defined (__ARM_ARCH_8M_BASE__ ) && (__ARM_ARCH_8M_BASE__ == 1))    )
 756:Drivers/CMSIS/Include/cmsis_gcc.h **** /**
 757:Drivers/CMSIS/Include/cmsis_gcc.h ****   \brief   Load-Acquire (8 bit)
 758:Drivers/CMSIS/Include/cmsis_gcc.h ****   \details Executes a LDAB instruction for 8 bit value.
 759:Drivers/CMSIS/Include/cmsis_gcc.h ****   \param [in]    ptr  Pointer to data
 760:Drivers/CMSIS/Include/cmsis_gcc.h ****   \return             value of type uint8_t at (*ptr)
 761:Drivers/CMSIS/Include/cmsis_gcc.h ****  */
 762:Drivers/CMSIS/Include/cmsis_gcc.h **** __STATIC_FORCEINLINE uint8_t __LDAB(volatile uint8_t *ptr)
 763:Drivers/CMSIS/Include/cmsis_gcc.h **** {
 764:Drivers/CMSIS/Include/cmsis_gcc.h ****     uint32_t result;
 765:Drivers/CMSIS/Include/cmsis_gcc.h **** 
 766:Drivers/CMSIS/Include/cmsis_gcc.h ****    __ASM volatile ("ldab %0, %1" : "=r" (result) : "Q" (*ptr) : "memory" );
 767:Drivers/CMSIS/Include/cmsis_gcc.h ****    return ((uint8_t) result);
 768:Drivers/CMSIS/Include/cmsis_gcc.h **** }
 769:Drivers/CMSIS/Include/cmsis_gcc.h **** 
 770:Drivers/CMSIS/Include/cmsis_gcc.h **** 
 771:Drivers/CMSIS/Include/cmsis_gcc.h **** /**
 772:Drivers/CMSIS/Include/cmsis_gcc.h ****   \brief   Load-Acquire (16 bit)
 773:Drivers/CMSIS/Include/cmsis_gcc.h ****   \details Executes a LDAH instruction for 16 bit values.
 774:Drivers/CMSIS/Include/cmsis_gcc.h ****   \param [in]    ptr  Pointer to data
 775:Drivers/CMSIS/Include/cmsis_gcc.h ****   \return        value of type uint16_t at (*ptr)
 776:Drivers/CMSIS/Include/cmsis_gcc.h ****  */
 777:Drivers/CMSIS/Include/cmsis_gcc.h **** __STATIC_FORCEINLINE uint16_t __LDAH(volatile uint16_t *ptr)
 778:Drivers/CMSIS/Include/cmsis_gcc.h **** {
 779:Drivers/CMSIS/Include/cmsis_gcc.h ****     uint32_t result;
 780:Drivers/CMSIS/Include/cmsis_gcc.h **** 
 781:Drivers/CMSIS/Include/cmsis_gcc.h ****    __ASM volatile ("ldah %0, %1" : "=r" (result) : "Q" (*ptr) : "memory" );
 782:Drivers/CMSIS/Include/cmsis_gcc.h ****    return ((uint16_t) result);
 783:Drivers/CMSIS/Include/cmsis_gcc.h **** }
 784:Drivers/CMSIS/Include/cmsis_gcc.h **** 
 785:Drivers/CMSIS/Include/cmsis_gcc.h **** 
 786:Drivers/CMSIS/Include/cmsis_gcc.h **** /**
 787:Drivers/CMSIS/Include/cmsis_gcc.h ****   \brief   Load-Acquire (32 bit)
 788:Drivers/CMSIS/Include/cmsis_gcc.h ****   \details Executes a LDA instruction for 32 bit values.
 789:Drivers/CMSIS/Include/cmsis_gcc.h ****   \param [in]    ptr  Pointer to data
 790:Drivers/CMSIS/Include/cmsis_gcc.h ****   \return        value of type uint32_t at (*ptr)
 791:Drivers/CMSIS/Include/cmsis_gcc.h ****  */
 792:Drivers/CMSIS/Include/cmsis_gcc.h **** __STATIC_FORCEINLINE uint32_t __LDA(volatile uint32_t *ptr)
 793:Drivers/CMSIS/Include/cmsis_gcc.h **** {
 794:Drivers/CMSIS/Include/cmsis_gcc.h ****     uint32_t result;
 795:Drivers/CMSIS/Include/cmsis_gcc.h **** 
 796:Drivers/CMSIS/Include/cmsis_gcc.h ****    __ASM volatile ("lda %0, %1" : "=r" (result) : "Q" (*ptr) : "memory" );
 797:Drivers/CMSIS/Include/cmsis_gcc.h ****    return(result);
 798:Drivers/CMSIS/Include/cmsis_gcc.h **** }
 799:Drivers/CMSIS/Include/cmsis_gcc.h **** 
 800:Drivers/CMSIS/Include/cmsis_gcc.h **** 
 801:Drivers/CMSIS/Include/cmsis_gcc.h **** /**
 802:Drivers/CMSIS/Include/cmsis_gcc.h ****   \brief   Store-Release (8 bit)
 803:Drivers/CMSIS/Include/cmsis_gcc.h ****   \details Executes a STLB instruction for 8 bit values.
 804:Drivers/CMSIS/Include/cmsis_gcc.h ****   \param [in]  value  Value to store
 805:Drivers/CMSIS/Include/cmsis_gcc.h ****   \param [in]    ptr  Pointer to location
ARM GAS  /tmp/cc8wgXJU.s 			page 26


 806:Drivers/CMSIS/Include/cmsis_gcc.h ****  */
 807:Drivers/CMSIS/Include/cmsis_gcc.h **** __STATIC_FORCEINLINE void __STLB(uint8_t value, volatile uint8_t *ptr)
 808:Drivers/CMSIS/Include/cmsis_gcc.h **** {
 809:Drivers/CMSIS/Include/cmsis_gcc.h ****    __ASM volatile ("stlb %1, %0" : "=Q" (*ptr) : "r" ((uint32_t)value) : "memory" );
 810:Drivers/CMSIS/Include/cmsis_gcc.h **** }
 811:Drivers/CMSIS/Include/cmsis_gcc.h **** 
 812:Drivers/CMSIS/Include/cmsis_gcc.h **** 
 813:Drivers/CMSIS/Include/cmsis_gcc.h **** /**
 814:Drivers/CMSIS/Include/cmsis_gcc.h ****   \brief   Store-Release (16 bit)
 815:Drivers/CMSIS/Include/cmsis_gcc.h ****   \details Executes a STLH instruction for 16 bit values.
 816:Drivers/CMSIS/Include/cmsis_gcc.h ****   \param [in]  value  Value to store
 817:Drivers/CMSIS/Include/cmsis_gcc.h ****   \param [in]    ptr  Pointer to location
 818:Drivers/CMSIS/Include/cmsis_gcc.h ****  */
 819:Drivers/CMSIS/Include/cmsis_gcc.h **** __STATIC_FORCEINLINE void __STLH(uint16_t value, volatile uint16_t *ptr)
 820:Drivers/CMSIS/Include/cmsis_gcc.h **** {
 821:Drivers/CMSIS/Include/cmsis_gcc.h ****    __ASM volatile ("stlh %1, %0" : "=Q" (*ptr) : "r" ((uint32_t)value) : "memory" );
 822:Drivers/CMSIS/Include/cmsis_gcc.h **** }
 823:Drivers/CMSIS/Include/cmsis_gcc.h **** 
 824:Drivers/CMSIS/Include/cmsis_gcc.h **** 
 825:Drivers/CMSIS/Include/cmsis_gcc.h **** /**
 826:Drivers/CMSIS/Include/cmsis_gcc.h ****   \brief   Store-Release (32 bit)
 827:Drivers/CMSIS/Include/cmsis_gcc.h ****   \details Executes a STL instruction for 32 bit values.
 828:Drivers/CMSIS/Include/cmsis_gcc.h ****   \param [in]  value  Value to store
 829:Drivers/CMSIS/Include/cmsis_gcc.h ****   \param [in]    ptr  Pointer to location
 830:Drivers/CMSIS/Include/cmsis_gcc.h ****  */
 831:Drivers/CMSIS/Include/cmsis_gcc.h **** __STATIC_FORCEINLINE void __STL(uint32_t value, volatile uint32_t *ptr)
 832:Drivers/CMSIS/Include/cmsis_gcc.h **** {
 833:Drivers/CMSIS/Include/cmsis_gcc.h ****    __ASM volatile ("stl %1, %0" : "=Q" (*ptr) : "r" ((uint32_t)value) : "memory" );
 834:Drivers/CMSIS/Include/cmsis_gcc.h **** }
 835:Drivers/CMSIS/Include/cmsis_gcc.h **** 
 836:Drivers/CMSIS/Include/cmsis_gcc.h **** 
 837:Drivers/CMSIS/Include/cmsis_gcc.h **** /**
 838:Drivers/CMSIS/Include/cmsis_gcc.h ****   \brief   Load-Acquire Exclusive (8 bit)
 839:Drivers/CMSIS/Include/cmsis_gcc.h ****   \details Executes a LDAB exclusive instruction for 8 bit value.
 840:Drivers/CMSIS/Include/cmsis_gcc.h ****   \param [in]    ptr  Pointer to data
 841:Drivers/CMSIS/Include/cmsis_gcc.h ****   \return             value of type uint8_t at (*ptr)
 842:Drivers/CMSIS/Include/cmsis_gcc.h ****  */
 843:Drivers/CMSIS/Include/cmsis_gcc.h **** __STATIC_FORCEINLINE uint8_t __LDAEXB(volatile uint8_t *ptr)
 844:Drivers/CMSIS/Include/cmsis_gcc.h **** {
 845:Drivers/CMSIS/Include/cmsis_gcc.h ****     uint32_t result;
 846:Drivers/CMSIS/Include/cmsis_gcc.h **** 
 847:Drivers/CMSIS/Include/cmsis_gcc.h ****    __ASM volatile ("ldaexb %0, %1" : "=r" (result) : "Q" (*ptr) : "memory" );
 848:Drivers/CMSIS/Include/cmsis_gcc.h ****    return ((uint8_t) result);
 849:Drivers/CMSIS/Include/cmsis_gcc.h **** }
 850:Drivers/CMSIS/Include/cmsis_gcc.h **** 
 851:Drivers/CMSIS/Include/cmsis_gcc.h **** 
 852:Drivers/CMSIS/Include/cmsis_gcc.h **** /**
 853:Drivers/CMSIS/Include/cmsis_gcc.h ****   \brief   Load-Acquire Exclusive (16 bit)
 854:Drivers/CMSIS/Include/cmsis_gcc.h ****   \details Executes a LDAH exclusive instruction for 16 bit values.
 855:Drivers/CMSIS/Include/cmsis_gcc.h ****   \param [in]    ptr  Pointer to data
 856:Drivers/CMSIS/Include/cmsis_gcc.h ****   \return        value of type uint16_t at (*ptr)
 857:Drivers/CMSIS/Include/cmsis_gcc.h ****  */
 858:Drivers/CMSIS/Include/cmsis_gcc.h **** __STATIC_FORCEINLINE uint16_t __LDAEXH(volatile uint16_t *ptr)
 859:Drivers/CMSIS/Include/cmsis_gcc.h **** {
 860:Drivers/CMSIS/Include/cmsis_gcc.h ****     uint32_t result;
 861:Drivers/CMSIS/Include/cmsis_gcc.h **** 
 862:Drivers/CMSIS/Include/cmsis_gcc.h ****    __ASM volatile ("ldaexh %0, %1" : "=r" (result) : "Q" (*ptr) : "memory" );
ARM GAS  /tmp/cc8wgXJU.s 			page 27


 863:Drivers/CMSIS/Include/cmsis_gcc.h ****    return ((uint16_t) result);
 864:Drivers/CMSIS/Include/cmsis_gcc.h **** }
 865:Drivers/CMSIS/Include/cmsis_gcc.h **** 
 866:Drivers/CMSIS/Include/cmsis_gcc.h **** 
 867:Drivers/CMSIS/Include/cmsis_gcc.h **** /**
 868:Drivers/CMSIS/Include/cmsis_gcc.h ****   \brief   Load-Acquire Exclusive (32 bit)
 869:Drivers/CMSIS/Include/cmsis_gcc.h ****   \details Executes a LDA exclusive instruction for 32 bit values.
 870:Drivers/CMSIS/Include/cmsis_gcc.h ****   \param [in]    ptr  Pointer to data
 871:Drivers/CMSIS/Include/cmsis_gcc.h ****   \return        value of type uint32_t at (*ptr)
 872:Drivers/CMSIS/Include/cmsis_gcc.h ****  */
 873:Drivers/CMSIS/Include/cmsis_gcc.h **** __STATIC_FORCEINLINE uint32_t __LDAEX(volatile uint32_t *ptr)
 874:Drivers/CMSIS/Include/cmsis_gcc.h **** {
 875:Drivers/CMSIS/Include/cmsis_gcc.h ****     uint32_t result;
 876:Drivers/CMSIS/Include/cmsis_gcc.h **** 
 877:Drivers/CMSIS/Include/cmsis_gcc.h ****    __ASM volatile ("ldaex %0, %1" : "=r" (result) : "Q" (*ptr) : "memory" );
 878:Drivers/CMSIS/Include/cmsis_gcc.h ****    return(result);
 879:Drivers/CMSIS/Include/cmsis_gcc.h **** }
 880:Drivers/CMSIS/Include/cmsis_gcc.h **** 
 881:Drivers/CMSIS/Include/cmsis_gcc.h **** 
 882:Drivers/CMSIS/Include/cmsis_gcc.h **** /**
 883:Drivers/CMSIS/Include/cmsis_gcc.h ****   \brief   Store-Release Exclusive (8 bit)
 884:Drivers/CMSIS/Include/cmsis_gcc.h ****   \details Executes a STLB exclusive instruction for 8 bit values.
 885:Drivers/CMSIS/Include/cmsis_gcc.h ****   \param [in]  value  Value to store
 886:Drivers/CMSIS/Include/cmsis_gcc.h ****   \param [in]    ptr  Pointer to location
 887:Drivers/CMSIS/Include/cmsis_gcc.h ****   \return          0  Function succeeded
 888:Drivers/CMSIS/Include/cmsis_gcc.h ****   \return          1  Function failed
 889:Drivers/CMSIS/Include/cmsis_gcc.h ****  */
 890:Drivers/CMSIS/Include/cmsis_gcc.h **** __STATIC_FORCEINLINE uint32_t __STLEXB(uint8_t value, volatile uint8_t *ptr)
 891:Drivers/CMSIS/Include/cmsis_gcc.h **** {
 892:Drivers/CMSIS/Include/cmsis_gcc.h ****    uint32_t result;
 893:Drivers/CMSIS/Include/cmsis_gcc.h **** 
 894:Drivers/CMSIS/Include/cmsis_gcc.h ****    __ASM volatile ("stlexb %0, %2, %1" : "=&r" (result), "=Q" (*ptr) : "r" ((uint32_t)value) : "mem
 895:Drivers/CMSIS/Include/cmsis_gcc.h ****    return(result);
 896:Drivers/CMSIS/Include/cmsis_gcc.h **** }
 897:Drivers/CMSIS/Include/cmsis_gcc.h **** 
 898:Drivers/CMSIS/Include/cmsis_gcc.h **** 
 899:Drivers/CMSIS/Include/cmsis_gcc.h **** /**
 900:Drivers/CMSIS/Include/cmsis_gcc.h ****   \brief   Store-Release Exclusive (16 bit)
 901:Drivers/CMSIS/Include/cmsis_gcc.h ****   \details Executes a STLH exclusive instruction for 16 bit values.
 902:Drivers/CMSIS/Include/cmsis_gcc.h ****   \param [in]  value  Value to store
 903:Drivers/CMSIS/Include/cmsis_gcc.h ****   \param [in]    ptr  Pointer to location
 904:Drivers/CMSIS/Include/cmsis_gcc.h ****   \return          0  Function succeeded
 905:Drivers/CMSIS/Include/cmsis_gcc.h ****   \return          1  Function failed
 906:Drivers/CMSIS/Include/cmsis_gcc.h ****  */
 907:Drivers/CMSIS/Include/cmsis_gcc.h **** __STATIC_FORCEINLINE uint32_t __STLEXH(uint16_t value, volatile uint16_t *ptr)
 908:Drivers/CMSIS/Include/cmsis_gcc.h **** {
 909:Drivers/CMSIS/Include/cmsis_gcc.h ****    uint32_t result;
 910:Drivers/CMSIS/Include/cmsis_gcc.h **** 
 911:Drivers/CMSIS/Include/cmsis_gcc.h ****    __ASM volatile ("stlexh %0, %2, %1" : "=&r" (result), "=Q" (*ptr) : "r" ((uint32_t)value) : "mem
 912:Drivers/CMSIS/Include/cmsis_gcc.h ****    return(result);
 913:Drivers/CMSIS/Include/cmsis_gcc.h **** }
 914:Drivers/CMSIS/Include/cmsis_gcc.h **** 
 915:Drivers/CMSIS/Include/cmsis_gcc.h **** 
 916:Drivers/CMSIS/Include/cmsis_gcc.h **** /**
 917:Drivers/CMSIS/Include/cmsis_gcc.h ****   \brief   Store-Release Exclusive (32 bit)
 918:Drivers/CMSIS/Include/cmsis_gcc.h ****   \details Executes a STL exclusive instruction for 32 bit values.
 919:Drivers/CMSIS/Include/cmsis_gcc.h ****   \param [in]  value  Value to store
ARM GAS  /tmp/cc8wgXJU.s 			page 28


 920:Drivers/CMSIS/Include/cmsis_gcc.h ****   \param [in]    ptr  Pointer to location
 921:Drivers/CMSIS/Include/cmsis_gcc.h ****   \return          0  Function succeeded
 922:Drivers/CMSIS/Include/cmsis_gcc.h ****   \return          1  Function failed
 923:Drivers/CMSIS/Include/cmsis_gcc.h ****  */
 924:Drivers/CMSIS/Include/cmsis_gcc.h **** __STATIC_FORCEINLINE uint32_t __STLEX(uint32_t value, volatile uint32_t *ptr)
 925:Drivers/CMSIS/Include/cmsis_gcc.h **** {
 926:Drivers/CMSIS/Include/cmsis_gcc.h ****    uint32_t result;
 927:Drivers/CMSIS/Include/cmsis_gcc.h **** 
 928:Drivers/CMSIS/Include/cmsis_gcc.h ****    __ASM volatile ("stlex %0, %2, %1" : "=&r" (result), "=Q" (*ptr) : "r" ((uint32_t)value) : "memo
 929:Drivers/CMSIS/Include/cmsis_gcc.h ****    return(result);
 930:Drivers/CMSIS/Include/cmsis_gcc.h **** }
 931:Drivers/CMSIS/Include/cmsis_gcc.h **** 
 932:Drivers/CMSIS/Include/cmsis_gcc.h **** #endif /* ((defined (__ARM_ARCH_8M_MAIN__ ) && (__ARM_ARCH_8M_MAIN__ == 1)) || \
 933:Drivers/CMSIS/Include/cmsis_gcc.h ****            (defined (__ARM_ARCH_8M_BASE__ ) && (__ARM_ARCH_8M_BASE__ == 1))    ) */
 934:Drivers/CMSIS/Include/cmsis_gcc.h **** 
 935:Drivers/CMSIS/Include/cmsis_gcc.h **** /*@}*/ /* end of group CMSIS_Core_InstructionInterface */
 936:Drivers/CMSIS/Include/cmsis_gcc.h **** 
 937:Drivers/CMSIS/Include/cmsis_gcc.h **** 
 938:Drivers/CMSIS/Include/cmsis_gcc.h **** /* ###########################  Core Function Access  ########################### */
 939:Drivers/CMSIS/Include/cmsis_gcc.h **** /** \ingroup  CMSIS_Core_FunctionInterface
 940:Drivers/CMSIS/Include/cmsis_gcc.h ****     \defgroup CMSIS_Core_RegAccFunctions CMSIS Core Register Access Functions
 941:Drivers/CMSIS/Include/cmsis_gcc.h ****   @{
 942:Drivers/CMSIS/Include/cmsis_gcc.h ****  */
 943:Drivers/CMSIS/Include/cmsis_gcc.h **** 
 944:Drivers/CMSIS/Include/cmsis_gcc.h **** /**
 945:Drivers/CMSIS/Include/cmsis_gcc.h ****   \brief   Enable IRQ Interrupts
 946:Drivers/CMSIS/Include/cmsis_gcc.h ****   \details Enables IRQ interrupts by clearing special-purpose register PRIMASK.
 947:Drivers/CMSIS/Include/cmsis_gcc.h ****            Can only be executed in Privileged modes.
 948:Drivers/CMSIS/Include/cmsis_gcc.h ****  */
 949:Drivers/CMSIS/Include/cmsis_gcc.h **** __STATIC_FORCEINLINE void __enable_irq(void)
 950:Drivers/CMSIS/Include/cmsis_gcc.h **** {
 951:Drivers/CMSIS/Include/cmsis_gcc.h ****   __ASM volatile ("cpsie i" : : : "memory");
 952:Drivers/CMSIS/Include/cmsis_gcc.h **** }
 953:Drivers/CMSIS/Include/cmsis_gcc.h **** 
 954:Drivers/CMSIS/Include/cmsis_gcc.h **** 
 955:Drivers/CMSIS/Include/cmsis_gcc.h **** /**
 956:Drivers/CMSIS/Include/cmsis_gcc.h ****   \brief   Disable IRQ Interrupts
 957:Drivers/CMSIS/Include/cmsis_gcc.h ****   \details Disables IRQ interrupts by setting special-purpose register PRIMASK.
 958:Drivers/CMSIS/Include/cmsis_gcc.h ****            Can only be executed in Privileged modes.
 959:Drivers/CMSIS/Include/cmsis_gcc.h ****  */
 960:Drivers/CMSIS/Include/cmsis_gcc.h **** __STATIC_FORCEINLINE void __disable_irq(void)
 135              		.loc 2 960 27 view .LVU28
 136              	.LBB9:
 961:Drivers/CMSIS/Include/cmsis_gcc.h **** {
 962:Drivers/CMSIS/Include/cmsis_gcc.h ****   __ASM volatile ("cpsid i" : : : "memory");
 137              		.loc 2 962 3 view .LVU29
 138              		.syntax unified
 139              	@ 962 "Drivers/CMSIS/Include/cmsis_gcc.h" 1
 140 0000 72B6     		cpsid i
 141              	@ 0 "" 2
 142              		.thumb
 143              		.syntax unified
 144              	.L6:
 145              	.LBE9:
 146              	.LBE8:
 490:Core/Src/main.c ****   while (1)
 147              		.loc 1 490 3 discriminator 1 view .LVU30
ARM GAS  /tmp/cc8wgXJU.s 			page 29


 491:Core/Src/main.c ****   {
 492:Core/Src/main.c ****   }
 148              		.loc 1 492 3 discriminator 1 view .LVU31
 490:Core/Src/main.c ****   while (1)
 149              		.loc 1 490 9 discriminator 1 view .LVU32
 150 0002 FEE7     		b	.L6
 151              		.cfi_endproc
 152              	.LFE144:
 154              		.section	.text.MX_CAN1_Init,"ax",%progbits
 155              		.align	1
 156              		.syntax unified
 157              		.thumb
 158              		.thumb_func
 159              		.fpu fpv4-sp-d16
 161              	MX_CAN1_Init:
 162              	.LFB136:
 186:Core/Src/main.c **** 
 163              		.loc 1 186 1 view -0
 164              		.cfi_startproc
 165              		@ args = 0, pretend = 0, frame = 0
 166              		@ frame_needed = 0, uses_anonymous_args = 0
 167 0000 08B5     		push	{r3, lr}
 168              	.LCFI2:
 169              		.cfi_def_cfa_offset 8
 170              		.cfi_offset 3, -8
 171              		.cfi_offset 14, -4
 195:Core/Src/main.c ****   hcan1.Init.Prescaler = 3;
 172              		.loc 1 195 3 view .LVU34
 195:Core/Src/main.c ****   hcan1.Init.Prescaler = 3;
 173              		.loc 1 195 18 is_stmt 0 view .LVU35
 174 0002 0E48     		ldr	r0, .L11
 175 0004 0E4B     		ldr	r3, .L11+4
 176 0006 0360     		str	r3, [r0]
 196:Core/Src/main.c ****   hcan1.Init.Mode = CAN_MODE_LOOPBACK;
 177              		.loc 1 196 3 is_stmt 1 view .LVU36
 196:Core/Src/main.c ****   hcan1.Init.Mode = CAN_MODE_LOOPBACK;
 178              		.loc 1 196 24 is_stmt 0 view .LVU37
 179 0008 0323     		movs	r3, #3
 180 000a 4360     		str	r3, [r0, #4]
 197:Core/Src/main.c ****   hcan1.Init.SyncJumpWidth = CAN_SJW_1TQ;
 181              		.loc 1 197 3 is_stmt 1 view .LVU38
 197:Core/Src/main.c ****   hcan1.Init.SyncJumpWidth = CAN_SJW_1TQ;
 182              		.loc 1 197 19 is_stmt 0 view .LVU39
 183 000c 4FF08043 		mov	r3, #1073741824
 184 0010 8360     		str	r3, [r0, #8]
 198:Core/Src/main.c ****   hcan1.Init.TimeSeg1 = CAN_BS1_11TQ;
 185              		.loc 1 198 3 is_stmt 1 view .LVU40
 198:Core/Src/main.c ****   hcan1.Init.TimeSeg1 = CAN_BS1_11TQ;
 186              		.loc 1 198 28 is_stmt 0 view .LVU41
 187 0012 0023     		movs	r3, #0
 188 0014 C360     		str	r3, [r0, #12]
 199:Core/Src/main.c ****   hcan1.Init.TimeSeg2 = CAN_BS2_3TQ;
 189              		.loc 1 199 3 is_stmt 1 view .LVU42
 199:Core/Src/main.c ****   hcan1.Init.TimeSeg2 = CAN_BS2_3TQ;
 190              		.loc 1 199 23 is_stmt 0 view .LVU43
 191 0016 4FF42022 		mov	r2, #655360
 192 001a 0261     		str	r2, [r0, #16]
ARM GAS  /tmp/cc8wgXJU.s 			page 30


 200:Core/Src/main.c ****   hcan1.Init.TimeTriggeredMode = DISABLE;
 193              		.loc 1 200 3 is_stmt 1 view .LVU44
 200:Core/Src/main.c ****   hcan1.Init.TimeTriggeredMode = DISABLE;
 194              		.loc 1 200 23 is_stmt 0 view .LVU45
 195 001c 4FF40012 		mov	r2, #2097152
 196 0020 4261     		str	r2, [r0, #20]
 201:Core/Src/main.c ****   hcan1.Init.AutoBusOff = DISABLE;
 197              		.loc 1 201 3 is_stmt 1 view .LVU46
 201:Core/Src/main.c ****   hcan1.Init.AutoBusOff = DISABLE;
 198              		.loc 1 201 32 is_stmt 0 view .LVU47
 199 0022 0376     		strb	r3, [r0, #24]
 202:Core/Src/main.c ****   hcan1.Init.AutoWakeUp = DISABLE;
 200              		.loc 1 202 3 is_stmt 1 view .LVU48
 202:Core/Src/main.c ****   hcan1.Init.AutoWakeUp = DISABLE;
 201              		.loc 1 202 25 is_stmt 0 view .LVU49
 202 0024 4376     		strb	r3, [r0, #25]
 203:Core/Src/main.c ****   hcan1.Init.AutoRetransmission = ENABLE;
 203              		.loc 1 203 3 is_stmt 1 view .LVU50
 203:Core/Src/main.c ****   hcan1.Init.AutoRetransmission = ENABLE;
 204              		.loc 1 203 25 is_stmt 0 view .LVU51
 205 0026 8376     		strb	r3, [r0, #26]
 204:Core/Src/main.c ****   hcan1.Init.ReceiveFifoLocked = DISABLE;
 206              		.loc 1 204 3 is_stmt 1 view .LVU52
 204:Core/Src/main.c ****   hcan1.Init.ReceiveFifoLocked = DISABLE;
 207              		.loc 1 204 33 is_stmt 0 view .LVU53
 208 0028 0122     		movs	r2, #1
 209 002a C276     		strb	r2, [r0, #27]
 205:Core/Src/main.c ****   hcan1.Init.TransmitFifoPriority = DISABLE;
 210              		.loc 1 205 3 is_stmt 1 view .LVU54
 205:Core/Src/main.c ****   hcan1.Init.TransmitFifoPriority = DISABLE;
 211              		.loc 1 205 32 is_stmt 0 view .LVU55
 212 002c 0377     		strb	r3, [r0, #28]
 206:Core/Src/main.c ****   if (HAL_CAN_Init(&hcan1) != HAL_OK)
 213              		.loc 1 206 3 is_stmt 1 view .LVU56
 206:Core/Src/main.c ****   if (HAL_CAN_Init(&hcan1) != HAL_OK)
 214              		.loc 1 206 35 is_stmt 0 view .LVU57
 215 002e 4377     		strb	r3, [r0, #29]
 207:Core/Src/main.c ****   {
 216              		.loc 1 207 3 is_stmt 1 view .LVU58
 207:Core/Src/main.c ****   {
 217              		.loc 1 207 7 is_stmt 0 view .LVU59
 218 0030 FFF7FEFF 		bl	HAL_CAN_Init
 219              	.LVL0:
 207:Core/Src/main.c ****   {
 220              		.loc 1 207 6 view .LVU60
 221 0034 00B9     		cbnz	r0, .L10
 215:Core/Src/main.c **** 
 222              		.loc 1 215 1 view .LVU61
 223 0036 08BD     		pop	{r3, pc}
 224              	.L10:
 209:Core/Src/main.c ****   }
 225              		.loc 1 209 5 is_stmt 1 view .LVU62
 226 0038 FFF7FEFF 		bl	Error_Handler
 227              	.LVL1:
 228              	.L12:
 229              		.align	2
 230              	.L11:
ARM GAS  /tmp/cc8wgXJU.s 			page 31


 231 003c 00000000 		.word	.LANCHOR0
 232 0040 00640040 		.word	1073767424
 233              		.cfi_endproc
 234              	.LFE136:
 236              		.section	.text.MX_CAN2_Init,"ax",%progbits
 237              		.align	1
 238              		.syntax unified
 239              		.thumb
 240              		.thumb_func
 241              		.fpu fpv4-sp-d16
 243              	MX_CAN2_Init:
 244              	.LFB137:
 223:Core/Src/main.c **** 
 245              		.loc 1 223 1 view -0
 246              		.cfi_startproc
 247              		@ args = 0, pretend = 0, frame = 0
 248              		@ frame_needed = 0, uses_anonymous_args = 0
 249 0000 08B5     		push	{r3, lr}
 250              	.LCFI3:
 251              		.cfi_def_cfa_offset 8
 252              		.cfi_offset 3, -8
 253              		.cfi_offset 14, -4
 232:Core/Src/main.c ****   hcan2.Init.Prescaler = 3;
 254              		.loc 1 232 3 view .LVU64
 232:Core/Src/main.c ****   hcan2.Init.Prescaler = 3;
 255              		.loc 1 232 18 is_stmt 0 view .LVU65
 256 0002 0E48     		ldr	r0, .L17
 257 0004 0E4B     		ldr	r3, .L17+4
 258 0006 0360     		str	r3, [r0]
 233:Core/Src/main.c ****   hcan2.Init.Mode = CAN_MODE_LOOPBACK;
 259              		.loc 1 233 3 is_stmt 1 view .LVU66
 233:Core/Src/main.c ****   hcan2.Init.Mode = CAN_MODE_LOOPBACK;
 260              		.loc 1 233 24 is_stmt 0 view .LVU67
 261 0008 0323     		movs	r3, #3
 262 000a 4360     		str	r3, [r0, #4]
 234:Core/Src/main.c ****   hcan2.Init.SyncJumpWidth = CAN_SJW_1TQ;
 263              		.loc 1 234 3 is_stmt 1 view .LVU68
 234:Core/Src/main.c ****   hcan2.Init.SyncJumpWidth = CAN_SJW_1TQ;
 264              		.loc 1 234 19 is_stmt 0 view .LVU69
 265 000c 4FF08043 		mov	r3, #1073741824
 266 0010 8360     		str	r3, [r0, #8]
 235:Core/Src/main.c ****   hcan2.Init.TimeSeg1 = CAN_BS1_11TQ;
 267              		.loc 1 235 3 is_stmt 1 view .LVU70
 235:Core/Src/main.c ****   hcan2.Init.TimeSeg1 = CAN_BS1_11TQ;
 268              		.loc 1 235 28 is_stmt 0 view .LVU71
 269 0012 0023     		movs	r3, #0
 270 0014 C360     		str	r3, [r0, #12]
 236:Core/Src/main.c ****   hcan2.Init.TimeSeg2 = CAN_BS2_3TQ;
 271              		.loc 1 236 3 is_stmt 1 view .LVU72
 236:Core/Src/main.c ****   hcan2.Init.TimeSeg2 = CAN_BS2_3TQ;
 272              		.loc 1 236 23 is_stmt 0 view .LVU73
 273 0016 4FF42022 		mov	r2, #655360
 274 001a 0261     		str	r2, [r0, #16]
 237:Core/Src/main.c ****   hcan2.Init.TimeTriggeredMode = DISABLE;
 275              		.loc 1 237 3 is_stmt 1 view .LVU74
 237:Core/Src/main.c ****   hcan2.Init.TimeTriggeredMode = DISABLE;
 276              		.loc 1 237 23 is_stmt 0 view .LVU75
ARM GAS  /tmp/cc8wgXJU.s 			page 32


 277 001c 4FF40012 		mov	r2, #2097152
 278 0020 4261     		str	r2, [r0, #20]
 238:Core/Src/main.c ****   hcan2.Init.AutoBusOff = DISABLE;
 279              		.loc 1 238 3 is_stmt 1 view .LVU76
 238:Core/Src/main.c ****   hcan2.Init.AutoBusOff = DISABLE;
 280              		.loc 1 238 32 is_stmt 0 view .LVU77
 281 0022 0376     		strb	r3, [r0, #24]
 239:Core/Src/main.c ****   hcan2.Init.AutoWakeUp = DISABLE;
 282              		.loc 1 239 3 is_stmt 1 view .LVU78
 239:Core/Src/main.c ****   hcan2.Init.AutoWakeUp = DISABLE;
 283              		.loc 1 239 25 is_stmt 0 view .LVU79
 284 0024 4376     		strb	r3, [r0, #25]
 240:Core/Src/main.c ****   hcan2.Init.AutoRetransmission = ENABLE;
 285              		.loc 1 240 3 is_stmt 1 view .LVU80
 240:Core/Src/main.c ****   hcan2.Init.AutoRetransmission = ENABLE;
 286              		.loc 1 240 25 is_stmt 0 view .LVU81
 287 0026 8376     		strb	r3, [r0, #26]
 241:Core/Src/main.c ****   hcan2.Init.ReceiveFifoLocked = DISABLE;
 288              		.loc 1 241 3 is_stmt 1 view .LVU82
 241:Core/Src/main.c ****   hcan2.Init.ReceiveFifoLocked = DISABLE;
 289              		.loc 1 241 33 is_stmt 0 view .LVU83
 290 0028 0122     		movs	r2, #1
 291 002a C276     		strb	r2, [r0, #27]
 242:Core/Src/main.c ****   hcan2.Init.TransmitFifoPriority = DISABLE;
 292              		.loc 1 242 3 is_stmt 1 view .LVU84
 242:Core/Src/main.c ****   hcan2.Init.TransmitFifoPriority = DISABLE;
 293              		.loc 1 242 32 is_stmt 0 view .LVU85
 294 002c 0377     		strb	r3, [r0, #28]
 243:Core/Src/main.c ****   if (HAL_CAN_Init(&hcan2) != HAL_OK)
 295              		.loc 1 243 3 is_stmt 1 view .LVU86
 243:Core/Src/main.c ****   if (HAL_CAN_Init(&hcan2) != HAL_OK)
 296              		.loc 1 243 35 is_stmt 0 view .LVU87
 297 002e 4377     		strb	r3, [r0, #29]
 244:Core/Src/main.c ****   {
 298              		.loc 1 244 3 is_stmt 1 view .LVU88
 244:Core/Src/main.c ****   {
 299              		.loc 1 244 7 is_stmt 0 view .LVU89
 300 0030 FFF7FEFF 		bl	HAL_CAN_Init
 301              	.LVL2:
 244:Core/Src/main.c ****   {
 302              		.loc 1 244 6 view .LVU90
 303 0034 00B9     		cbnz	r0, .L16
 252:Core/Src/main.c **** 
 304              		.loc 1 252 1 view .LVU91
 305 0036 08BD     		pop	{r3, pc}
 306              	.L16:
 246:Core/Src/main.c ****   }
 307              		.loc 1 246 5 is_stmt 1 view .LVU92
 308 0038 FFF7FEFF 		bl	Error_Handler
 309              	.LVL3:
 310              	.L18:
 311              		.align	2
 312              	.L17:
 313 003c 00000000 		.word	.LANCHOR1
 314 0040 00680040 		.word	1073768448
 315              		.cfi_endproc
 316              	.LFE137:
ARM GAS  /tmp/cc8wgXJU.s 			page 33


 318              		.section	.text.MX_TIM1_Init,"ax",%progbits
 319              		.align	1
 320              		.syntax unified
 321              		.thumb
 322              		.thumb_func
 323              		.fpu fpv4-sp-d16
 325              	MX_TIM1_Init:
 326              	.LFB138:
 260:Core/Src/main.c **** 
 327              		.loc 1 260 1 view -0
 328              		.cfi_startproc
 329              		@ args = 0, pretend = 0, frame = 72
 330              		@ frame_needed = 0, uses_anonymous_args = 0
 331 0000 10B5     		push	{r4, lr}
 332              	.LCFI4:
 333              		.cfi_def_cfa_offset 8
 334              		.cfi_offset 4, -8
 335              		.cfi_offset 14, -4
 336 0002 92B0     		sub	sp, sp, #72
 337              	.LCFI5:
 338              		.cfi_def_cfa_offset 80
 266:Core/Src/main.c ****   TIM_OC_InitTypeDef sConfigOC = {0};
 339              		.loc 1 266 3 view .LVU94
 266:Core/Src/main.c ****   TIM_OC_InitTypeDef sConfigOC = {0};
 340              		.loc 1 266 27 is_stmt 0 view .LVU95
 341 0004 0024     		movs	r4, #0
 342 0006 1094     		str	r4, [sp, #64]
 343 0008 1194     		str	r4, [sp, #68]
 267:Core/Src/main.c ****   TIM_BreakDeadTimeConfigTypeDef sBreakDeadTimeConfig = {0};
 344              		.loc 1 267 3 is_stmt 1 view .LVU96
 267:Core/Src/main.c ****   TIM_BreakDeadTimeConfigTypeDef sBreakDeadTimeConfig = {0};
 345              		.loc 1 267 22 is_stmt 0 view .LVU97
 346 000a 0994     		str	r4, [sp, #36]
 347 000c 0A94     		str	r4, [sp, #40]
 348 000e 0B94     		str	r4, [sp, #44]
 349 0010 0C94     		str	r4, [sp, #48]
 350 0012 0D94     		str	r4, [sp, #52]
 351 0014 0E94     		str	r4, [sp, #56]
 352 0016 0F94     		str	r4, [sp, #60]
 268:Core/Src/main.c **** 
 353              		.loc 1 268 3 is_stmt 1 view .LVU98
 268:Core/Src/main.c **** 
 354              		.loc 1 268 34 is_stmt 0 view .LVU99
 355 0018 2022     		movs	r2, #32
 356 001a 2146     		mov	r1, r4
 357 001c 01A8     		add	r0, sp, #4
 358 001e FFF7FEFF 		bl	memset
 359              	.LVL4:
 273:Core/Src/main.c ****   htim1.Init.Prescaler = 0;
 360              		.loc 1 273 3 is_stmt 1 view .LVU100
 273:Core/Src/main.c ****   htim1.Init.Prescaler = 0;
 361              		.loc 1 273 18 is_stmt 0 view .LVU101
 362 0022 2548     		ldr	r0, .L31
 363 0024 254B     		ldr	r3, .L31+4
 364 0026 0360     		str	r3, [r0]
 274:Core/Src/main.c ****   htim1.Init.CounterMode = TIM_COUNTERMODE_UP;
 365              		.loc 1 274 3 is_stmt 1 view .LVU102
ARM GAS  /tmp/cc8wgXJU.s 			page 34


 274:Core/Src/main.c ****   htim1.Init.CounterMode = TIM_COUNTERMODE_UP;
 366              		.loc 1 274 24 is_stmt 0 view .LVU103
 367 0028 4460     		str	r4, [r0, #4]
 275:Core/Src/main.c ****   htim1.Init.Period = 65535;
 368              		.loc 1 275 3 is_stmt 1 view .LVU104
 275:Core/Src/main.c ****   htim1.Init.Period = 65535;
 369              		.loc 1 275 26 is_stmt 0 view .LVU105
 370 002a 8460     		str	r4, [r0, #8]
 276:Core/Src/main.c ****   htim1.Init.ClockDivision = TIM_CLOCKDIVISION_DIV1;
 371              		.loc 1 276 3 is_stmt 1 view .LVU106
 276:Core/Src/main.c ****   htim1.Init.ClockDivision = TIM_CLOCKDIVISION_DIV1;
 372              		.loc 1 276 21 is_stmt 0 view .LVU107
 373 002c 4FF6FF73 		movw	r3, #65535
 374 0030 C360     		str	r3, [r0, #12]
 277:Core/Src/main.c ****   htim1.Init.RepetitionCounter = 0;
 375              		.loc 1 277 3 is_stmt 1 view .LVU108
 277:Core/Src/main.c ****   htim1.Init.RepetitionCounter = 0;
 376              		.loc 1 277 28 is_stmt 0 view .LVU109
 377 0032 0461     		str	r4, [r0, #16]
 278:Core/Src/main.c ****   htim1.Init.AutoReloadPreload = TIM_AUTORELOAD_PRELOAD_DISABLE;
 378              		.loc 1 278 3 is_stmt 1 view .LVU110
 278:Core/Src/main.c ****   htim1.Init.AutoReloadPreload = TIM_AUTORELOAD_PRELOAD_DISABLE;
 379              		.loc 1 278 32 is_stmt 0 view .LVU111
 380 0034 4461     		str	r4, [r0, #20]
 279:Core/Src/main.c ****   if (HAL_TIM_PWM_Init(&htim1) != HAL_OK)
 381              		.loc 1 279 3 is_stmt 1 view .LVU112
 279:Core/Src/main.c ****   if (HAL_TIM_PWM_Init(&htim1) != HAL_OK)
 382              		.loc 1 279 32 is_stmt 0 view .LVU113
 383 0036 8461     		str	r4, [r0, #24]
 280:Core/Src/main.c ****   {
 384              		.loc 1 280 3 is_stmt 1 view .LVU114
 280:Core/Src/main.c ****   {
 385              		.loc 1 280 7 is_stmt 0 view .LVU115
 386 0038 FFF7FEFF 		bl	HAL_TIM_PWM_Init
 387              	.LVL5:
 280:Core/Src/main.c ****   {
 388              		.loc 1 280 6 view .LVU116
 389 003c 0028     		cmp	r0, #0
 390 003e 31D1     		bne	.L26
 284:Core/Src/main.c ****   sMasterConfig.MasterSlaveMode = TIM_MASTERSLAVEMODE_DISABLE;
 391              		.loc 1 284 3 is_stmt 1 view .LVU117
 284:Core/Src/main.c ****   sMasterConfig.MasterSlaveMode = TIM_MASTERSLAVEMODE_DISABLE;
 392              		.loc 1 284 37 is_stmt 0 view .LVU118
 393 0040 0023     		movs	r3, #0
 394 0042 1093     		str	r3, [sp, #64]
 285:Core/Src/main.c ****   if (HAL_TIMEx_MasterConfigSynchronization(&htim1, &sMasterConfig) != HAL_OK)
 395              		.loc 1 285 3 is_stmt 1 view .LVU119
 285:Core/Src/main.c ****   if (HAL_TIMEx_MasterConfigSynchronization(&htim1, &sMasterConfig) != HAL_OK)
 396              		.loc 1 285 33 is_stmt 0 view .LVU120
 397 0044 1193     		str	r3, [sp, #68]
 286:Core/Src/main.c ****   {
 398              		.loc 1 286 3 is_stmt 1 view .LVU121
 286:Core/Src/main.c ****   {
 399              		.loc 1 286 7 is_stmt 0 view .LVU122
 400 0046 10A9     		add	r1, sp, #64
 401 0048 1B48     		ldr	r0, .L31
 402 004a FFF7FEFF 		bl	HAL_TIMEx_MasterConfigSynchronization
ARM GAS  /tmp/cc8wgXJU.s 			page 35


 403              	.LVL6:
 286:Core/Src/main.c ****   {
 404              		.loc 1 286 6 view .LVU123
 405 004e 0028     		cmp	r0, #0
 406 0050 2AD1     		bne	.L27
 290:Core/Src/main.c ****   sConfigOC.Pulse = 0;
 407              		.loc 1 290 3 is_stmt 1 view .LVU124
 290:Core/Src/main.c ****   sConfigOC.Pulse = 0;
 408              		.loc 1 290 20 is_stmt 0 view .LVU125
 409 0052 6023     		movs	r3, #96
 410 0054 0993     		str	r3, [sp, #36]
 291:Core/Src/main.c ****   sConfigOC.OCPolarity = TIM_OCPOLARITY_HIGH;
 411              		.loc 1 291 3 is_stmt 1 view .LVU126
 291:Core/Src/main.c ****   sConfigOC.OCPolarity = TIM_OCPOLARITY_HIGH;
 412              		.loc 1 291 19 is_stmt 0 view .LVU127
 413 0056 0023     		movs	r3, #0
 414 0058 0A93     		str	r3, [sp, #40]
 292:Core/Src/main.c ****   sConfigOC.OCNPolarity = TIM_OCNPOLARITY_HIGH;
 415              		.loc 1 292 3 is_stmt 1 view .LVU128
 292:Core/Src/main.c ****   sConfigOC.OCNPolarity = TIM_OCNPOLARITY_HIGH;
 416              		.loc 1 292 24 is_stmt 0 view .LVU129
 417 005a 0B93     		str	r3, [sp, #44]
 293:Core/Src/main.c ****   sConfigOC.OCFastMode = TIM_OCFAST_DISABLE;
 418              		.loc 1 293 3 is_stmt 1 view .LVU130
 293:Core/Src/main.c ****   sConfigOC.OCFastMode = TIM_OCFAST_DISABLE;
 419              		.loc 1 293 25 is_stmt 0 view .LVU131
 420 005c 0C93     		str	r3, [sp, #48]
 294:Core/Src/main.c ****   sConfigOC.OCIdleState = TIM_OCIDLESTATE_RESET;
 421              		.loc 1 294 3 is_stmt 1 view .LVU132
 294:Core/Src/main.c ****   sConfigOC.OCIdleState = TIM_OCIDLESTATE_RESET;
 422              		.loc 1 294 24 is_stmt 0 view .LVU133
 423 005e 0D93     		str	r3, [sp, #52]
 295:Core/Src/main.c ****   sConfigOC.OCNIdleState = TIM_OCNIDLESTATE_RESET;
 424              		.loc 1 295 3 is_stmt 1 view .LVU134
 295:Core/Src/main.c ****   sConfigOC.OCNIdleState = TIM_OCNIDLESTATE_RESET;
 425              		.loc 1 295 25 is_stmt 0 view .LVU135
 426 0060 0E93     		str	r3, [sp, #56]
 296:Core/Src/main.c ****   if (HAL_TIM_PWM_ConfigChannel(&htim1, &sConfigOC, TIM_CHANNEL_2) != HAL_OK)
 427              		.loc 1 296 3 is_stmt 1 view .LVU136
 296:Core/Src/main.c ****   if (HAL_TIM_PWM_ConfigChannel(&htim1, &sConfigOC, TIM_CHANNEL_2) != HAL_OK)
 428              		.loc 1 296 26 is_stmt 0 view .LVU137
 429 0062 0F93     		str	r3, [sp, #60]
 297:Core/Src/main.c ****   {
 430              		.loc 1 297 3 is_stmt 1 view .LVU138
 297:Core/Src/main.c ****   {
 431              		.loc 1 297 7 is_stmt 0 view .LVU139
 432 0064 0422     		movs	r2, #4
 433 0066 09A9     		add	r1, sp, #36
 434 0068 1348     		ldr	r0, .L31
 435 006a FFF7FEFF 		bl	HAL_TIM_PWM_ConfigChannel
 436              	.LVL7:
 297:Core/Src/main.c ****   {
 437              		.loc 1 297 6 view .LVU140
 438 006e E8B9     		cbnz	r0, .L28
 301:Core/Src/main.c ****   {
 439              		.loc 1 301 3 is_stmt 1 view .LVU141
 301:Core/Src/main.c ****   {
ARM GAS  /tmp/cc8wgXJU.s 			page 36


 440              		.loc 1 301 7 is_stmt 0 view .LVU142
 441 0070 0822     		movs	r2, #8
 442 0072 09A9     		add	r1, sp, #36
 443 0074 1048     		ldr	r0, .L31
 444 0076 FFF7FEFF 		bl	HAL_TIM_PWM_ConfigChannel
 445              	.LVL8:
 301:Core/Src/main.c ****   {
 446              		.loc 1 301 6 view .LVU143
 447 007a C8B9     		cbnz	r0, .L29
 305:Core/Src/main.c ****   sBreakDeadTimeConfig.OffStateIDLEMode = TIM_OSSI_DISABLE;
 448              		.loc 1 305 3 is_stmt 1 view .LVU144
 305:Core/Src/main.c ****   sBreakDeadTimeConfig.OffStateIDLEMode = TIM_OSSI_DISABLE;
 449              		.loc 1 305 40 is_stmt 0 view .LVU145
 450 007c 0023     		movs	r3, #0
 451 007e 0193     		str	r3, [sp, #4]
 306:Core/Src/main.c ****   sBreakDeadTimeConfig.LockLevel = TIM_LOCKLEVEL_OFF;
 452              		.loc 1 306 3 is_stmt 1 view .LVU146
 306:Core/Src/main.c ****   sBreakDeadTimeConfig.LockLevel = TIM_LOCKLEVEL_OFF;
 453              		.loc 1 306 41 is_stmt 0 view .LVU147
 454 0080 0293     		str	r3, [sp, #8]
 307:Core/Src/main.c ****   sBreakDeadTimeConfig.DeadTime = 0;
 455              		.loc 1 307 3 is_stmt 1 view .LVU148
 307:Core/Src/main.c ****   sBreakDeadTimeConfig.DeadTime = 0;
 456              		.loc 1 307 34 is_stmt 0 view .LVU149
 457 0082 0393     		str	r3, [sp, #12]
 308:Core/Src/main.c ****   sBreakDeadTimeConfig.BreakState = TIM_BREAK_DISABLE;
 458              		.loc 1 308 3 is_stmt 1 view .LVU150
 308:Core/Src/main.c ****   sBreakDeadTimeConfig.BreakState = TIM_BREAK_DISABLE;
 459              		.loc 1 308 33 is_stmt 0 view .LVU151
 460 0084 0493     		str	r3, [sp, #16]
 309:Core/Src/main.c ****   sBreakDeadTimeConfig.BreakPolarity = TIM_BREAKPOLARITY_HIGH;
 461              		.loc 1 309 3 is_stmt 1 view .LVU152
 309:Core/Src/main.c ****   sBreakDeadTimeConfig.BreakPolarity = TIM_BREAKPOLARITY_HIGH;
 462              		.loc 1 309 35 is_stmt 0 view .LVU153
 463 0086 0593     		str	r3, [sp, #20]
 310:Core/Src/main.c ****   sBreakDeadTimeConfig.AutomaticOutput = TIM_AUTOMATICOUTPUT_DISABLE;
 464              		.loc 1 310 3 is_stmt 1 view .LVU154
 310:Core/Src/main.c ****   sBreakDeadTimeConfig.AutomaticOutput = TIM_AUTOMATICOUTPUT_DISABLE;
 465              		.loc 1 310 38 is_stmt 0 view .LVU155
 466 0088 4FF40052 		mov	r2, #8192
 467 008c 0692     		str	r2, [sp, #24]
 311:Core/Src/main.c ****   if (HAL_TIMEx_ConfigBreakDeadTime(&htim1, &sBreakDeadTimeConfig) != HAL_OK)
 468              		.loc 1 311 3 is_stmt 1 view .LVU156
 311:Core/Src/main.c ****   if (HAL_TIMEx_ConfigBreakDeadTime(&htim1, &sBreakDeadTimeConfig) != HAL_OK)
 469              		.loc 1 311 40 is_stmt 0 view .LVU157
 470 008e 0893     		str	r3, [sp, #32]
 312:Core/Src/main.c ****   {
 471              		.loc 1 312 3 is_stmt 1 view .LVU158
 312:Core/Src/main.c ****   {
 472              		.loc 1 312 7 is_stmt 0 view .LVU159
 473 0090 01A9     		add	r1, sp, #4
 474 0092 0948     		ldr	r0, .L31
 475 0094 FFF7FEFF 		bl	HAL_TIMEx_ConfigBreakDeadTime
 476              	.LVL9:
 312:Core/Src/main.c ****   {
 477              		.loc 1 312 6 view .LVU160
 478 0098 60B9     		cbnz	r0, .L30
ARM GAS  /tmp/cc8wgXJU.s 			page 37


 319:Core/Src/main.c **** 
 479              		.loc 1 319 3 is_stmt 1 view .LVU161
 480 009a 0748     		ldr	r0, .L31
 481 009c FFF7FEFF 		bl	HAL_TIM_MspPostInit
 482              	.LVL10:
 321:Core/Src/main.c **** 
 483              		.loc 1 321 1 is_stmt 0 view .LVU162
 484 00a0 12B0     		add	sp, sp, #72
 485              	.LCFI6:
 486              		.cfi_remember_state
 487              		.cfi_def_cfa_offset 8
 488              		@ sp needed
 489 00a2 10BD     		pop	{r4, pc}
 490              	.L26:
 491              	.LCFI7:
 492              		.cfi_restore_state
 282:Core/Src/main.c ****   }
 493              		.loc 1 282 5 is_stmt 1 view .LVU163
 494 00a4 FFF7FEFF 		bl	Error_Handler
 495              	.LVL11:
 496              	.L27:
 288:Core/Src/main.c ****   }
 497              		.loc 1 288 5 view .LVU164
 498 00a8 FFF7FEFF 		bl	Error_Handler
 499              	.LVL12:
 500              	.L28:
 299:Core/Src/main.c ****   }
 501              		.loc 1 299 5 view .LVU165
 502 00ac FFF7FEFF 		bl	Error_Handler
 503              	.LVL13:
 504              	.L29:
 303:Core/Src/main.c ****   }
 505              		.loc 1 303 5 view .LVU166
 506 00b0 FFF7FEFF 		bl	Error_Handler
 507              	.LVL14:
 508              	.L30:
 314:Core/Src/main.c ****   }
 509              		.loc 1 314 5 view .LVU167
 510 00b4 FFF7FEFF 		bl	Error_Handler
 511              	.LVL15:
 512              	.L32:
 513              		.align	2
 514              	.L31:
 515 00b8 00000000 		.word	.LANCHOR2
 516 00bc 00000140 		.word	1073807360
 517              		.cfi_endproc
 518              	.LFE138:
 520              		.section	.text.MX_UART4_Init,"ax",%progbits
 521              		.align	1
 522              		.syntax unified
 523              		.thumb
 524              		.thumb_func
 525              		.fpu fpv4-sp-d16
 527              	MX_UART4_Init:
 528              	.LFB139:
 329:Core/Src/main.c **** 
 529              		.loc 1 329 1 view -0
ARM GAS  /tmp/cc8wgXJU.s 			page 38


 530              		.cfi_startproc
 531              		@ args = 0, pretend = 0, frame = 0
 532              		@ frame_needed = 0, uses_anonymous_args = 0
 533 0000 08B5     		push	{r3, lr}
 534              	.LCFI8:
 535              		.cfi_def_cfa_offset 8
 536              		.cfi_offset 3, -8
 537              		.cfi_offset 14, -4
 338:Core/Src/main.c ****   huart4.Init.BaudRate = 115200;
 538              		.loc 1 338 3 view .LVU169
 338:Core/Src/main.c ****   huart4.Init.BaudRate = 115200;
 539              		.loc 1 338 19 is_stmt 0 view .LVU170
 540 0002 0A48     		ldr	r0, .L37
 541 0004 0A4B     		ldr	r3, .L37+4
 542 0006 0360     		str	r3, [r0]
 339:Core/Src/main.c ****   huart4.Init.WordLength = UART_WORDLENGTH_8B;
 543              		.loc 1 339 3 is_stmt 1 view .LVU171
 339:Core/Src/main.c ****   huart4.Init.WordLength = UART_WORDLENGTH_8B;
 544              		.loc 1 339 24 is_stmt 0 view .LVU172
 545 0008 4FF4E133 		mov	r3, #115200
 546 000c 4360     		str	r3, [r0, #4]
 340:Core/Src/main.c ****   huart4.Init.StopBits = UART_STOPBITS_1;
 547              		.loc 1 340 3 is_stmt 1 view .LVU173
 340:Core/Src/main.c ****   huart4.Init.StopBits = UART_STOPBITS_1;
 548              		.loc 1 340 26 is_stmt 0 view .LVU174
 549 000e 0023     		movs	r3, #0
 550 0010 8360     		str	r3, [r0, #8]
 341:Core/Src/main.c ****   huart4.Init.Parity = UART_PARITY_NONE;
 551              		.loc 1 341 3 is_stmt 1 view .LVU175
 341:Core/Src/main.c ****   huart4.Init.Parity = UART_PARITY_NONE;
 552              		.loc 1 341 24 is_stmt 0 view .LVU176
 553 0012 C360     		str	r3, [r0, #12]
 342:Core/Src/main.c ****   huart4.Init.Mode = UART_MODE_TX_RX;
 554              		.loc 1 342 3 is_stmt 1 view .LVU177
 342:Core/Src/main.c ****   huart4.Init.Mode = UART_MODE_TX_RX;
 555              		.loc 1 342 22 is_stmt 0 view .LVU178
 556 0014 0361     		str	r3, [r0, #16]
 343:Core/Src/main.c ****   huart4.Init.HwFlowCtl = UART_HWCONTROL_NONE;
 557              		.loc 1 343 3 is_stmt 1 view .LVU179
 343:Core/Src/main.c ****   huart4.Init.HwFlowCtl = UART_HWCONTROL_NONE;
 558              		.loc 1 343 20 is_stmt 0 view .LVU180
 559 0016 0C22     		movs	r2, #12
 560 0018 4261     		str	r2, [r0, #20]
 344:Core/Src/main.c ****   huart4.Init.OverSampling = UART_OVERSAMPLING_16;
 561              		.loc 1 344 3 is_stmt 1 view .LVU181
 344:Core/Src/main.c ****   huart4.Init.OverSampling = UART_OVERSAMPLING_16;
 562              		.loc 1 344 25 is_stmt 0 view .LVU182
 563 001a 8361     		str	r3, [r0, #24]
 345:Core/Src/main.c ****   if (HAL_UART_Init(&huart4) != HAL_OK)
 564              		.loc 1 345 3 is_stmt 1 view .LVU183
 345:Core/Src/main.c ****   if (HAL_UART_Init(&huart4) != HAL_OK)
 565              		.loc 1 345 28 is_stmt 0 view .LVU184
 566 001c C361     		str	r3, [r0, #28]
 346:Core/Src/main.c ****   {
 567              		.loc 1 346 3 is_stmt 1 view .LVU185
 346:Core/Src/main.c ****   {
 568              		.loc 1 346 7 is_stmt 0 view .LVU186
ARM GAS  /tmp/cc8wgXJU.s 			page 39


 569 001e FFF7FEFF 		bl	HAL_UART_Init
 570              	.LVL16:
 346:Core/Src/main.c ****   {
 571              		.loc 1 346 6 view .LVU187
 572 0022 00B9     		cbnz	r0, .L36
 354:Core/Src/main.c **** 
 573              		.loc 1 354 1 view .LVU188
 574 0024 08BD     		pop	{r3, pc}
 575              	.L36:
 348:Core/Src/main.c ****   }
 576              		.loc 1 348 5 is_stmt 1 view .LVU189
 577 0026 FFF7FEFF 		bl	Error_Handler
 578              	.LVL17:
 579              	.L38:
 580 002a 00BF     		.align	2
 581              	.L37:
 582 002c 00000000 		.word	.LANCHOR3
 583 0030 004C0040 		.word	1073761280
 584              		.cfi_endproc
 585              	.LFE139:
 587              		.section	.text.MX_USART1_UART_Init,"ax",%progbits
 588              		.align	1
 589              		.syntax unified
 590              		.thumb
 591              		.thumb_func
 592              		.fpu fpv4-sp-d16
 594              	MX_USART1_UART_Init:
 595              	.LFB140:
 362:Core/Src/main.c **** 
 596              		.loc 1 362 1 view -0
 597              		.cfi_startproc
 598              		@ args = 0, pretend = 0, frame = 0
 599              		@ frame_needed = 0, uses_anonymous_args = 0
 600 0000 08B5     		push	{r3, lr}
 601              	.LCFI9:
 602              		.cfi_def_cfa_offset 8
 603              		.cfi_offset 3, -8
 604              		.cfi_offset 14, -4
 371:Core/Src/main.c ****   huart1.Init.BaudRate = 115200;
 605              		.loc 1 371 3 view .LVU191
 371:Core/Src/main.c ****   huart1.Init.BaudRate = 115200;
 606              		.loc 1 371 19 is_stmt 0 view .LVU192
 607 0002 0A48     		ldr	r0, .L43
 608 0004 0A4B     		ldr	r3, .L43+4
 609 0006 0360     		str	r3, [r0]
 372:Core/Src/main.c ****   huart1.Init.WordLength = UART_WORDLENGTH_8B;
 610              		.loc 1 372 3 is_stmt 1 view .LVU193
 372:Core/Src/main.c ****   huart1.Init.WordLength = UART_WORDLENGTH_8B;
 611              		.loc 1 372 24 is_stmt 0 view .LVU194
 612 0008 4FF4E133 		mov	r3, #115200
 613 000c 4360     		str	r3, [r0, #4]
 373:Core/Src/main.c ****   huart1.Init.StopBits = UART_STOPBITS_1;
 614              		.loc 1 373 3 is_stmt 1 view .LVU195
 373:Core/Src/main.c ****   huart1.Init.StopBits = UART_STOPBITS_1;
 615              		.loc 1 373 26 is_stmt 0 view .LVU196
 616 000e 0023     		movs	r3, #0
 617 0010 8360     		str	r3, [r0, #8]
ARM GAS  /tmp/cc8wgXJU.s 			page 40


 374:Core/Src/main.c ****   huart1.Init.Parity = UART_PARITY_NONE;
 618              		.loc 1 374 3 is_stmt 1 view .LVU197
 374:Core/Src/main.c ****   huart1.Init.Parity = UART_PARITY_NONE;
 619              		.loc 1 374 24 is_stmt 0 view .LVU198
 620 0012 C360     		str	r3, [r0, #12]
 375:Core/Src/main.c ****   huart1.Init.Mode = UART_MODE_TX_RX;
 621              		.loc 1 375 3 is_stmt 1 view .LVU199
 375:Core/Src/main.c ****   huart1.Init.Mode = UART_MODE_TX_RX;
 622              		.loc 1 375 22 is_stmt 0 view .LVU200
 623 0014 0361     		str	r3, [r0, #16]
 376:Core/Src/main.c ****   huart1.Init.HwFlowCtl = UART_HWCONTROL_NONE;
 624              		.loc 1 376 3 is_stmt 1 view .LVU201
 376:Core/Src/main.c ****   huart1.Init.HwFlowCtl = UART_HWCONTROL_NONE;
 625              		.loc 1 376 20 is_stmt 0 view .LVU202
 626 0016 0C22     		movs	r2, #12
 627 0018 4261     		str	r2, [r0, #20]
 377:Core/Src/main.c ****   huart1.Init.OverSampling = UART_OVERSAMPLING_16;
 628              		.loc 1 377 3 is_stmt 1 view .LVU203
 377:Core/Src/main.c ****   huart1.Init.OverSampling = UART_OVERSAMPLING_16;
 629              		.loc 1 377 25 is_stmt 0 view .LVU204
 630 001a 8361     		str	r3, [r0, #24]
 378:Core/Src/main.c ****   if (HAL_UART_Init(&huart1) != HAL_OK)
 631              		.loc 1 378 3 is_stmt 1 view .LVU205
 378:Core/Src/main.c ****   if (HAL_UART_Init(&huart1) != HAL_OK)
 632              		.loc 1 378 28 is_stmt 0 view .LVU206
 633 001c C361     		str	r3, [r0, #28]
 379:Core/Src/main.c ****   {
 634              		.loc 1 379 3 is_stmt 1 view .LVU207
 379:Core/Src/main.c ****   {
 635              		.loc 1 379 7 is_stmt 0 view .LVU208
 636 001e FFF7FEFF 		bl	HAL_UART_Init
 637              	.LVL18:
 379:Core/Src/main.c ****   {
 638              		.loc 1 379 6 view .LVU209
 639 0022 00B9     		cbnz	r0, .L42
 387:Core/Src/main.c **** 
 640              		.loc 1 387 1 view .LVU210
 641 0024 08BD     		pop	{r3, pc}
 642              	.L42:
 381:Core/Src/main.c ****   }
 643              		.loc 1 381 5 is_stmt 1 view .LVU211
 644 0026 FFF7FEFF 		bl	Error_Handler
 645              	.LVL19:
 646              	.L44:
 647 002a 00BF     		.align	2
 648              	.L43:
 649 002c 00000000 		.word	.LANCHOR4
 650 0030 00100140 		.word	1073811456
 651              		.cfi_endproc
 652              	.LFE140:
 654              		.section	.text.MX_USART2_UART_Init,"ax",%progbits
 655              		.align	1
 656              		.syntax unified
 657              		.thumb
 658              		.thumb_func
 659              		.fpu fpv4-sp-d16
 661              	MX_USART2_UART_Init:
ARM GAS  /tmp/cc8wgXJU.s 			page 41


 662              	.LFB141:
 395:Core/Src/main.c **** 
 663              		.loc 1 395 1 view -0
 664              		.cfi_startproc
 665              		@ args = 0, pretend = 0, frame = 0
 666              		@ frame_needed = 0, uses_anonymous_args = 0
 667 0000 08B5     		push	{r3, lr}
 668              	.LCFI10:
 669              		.cfi_def_cfa_offset 8
 670              		.cfi_offset 3, -8
 671              		.cfi_offset 14, -4
 404:Core/Src/main.c ****   huart2.Init.BaudRate = 115200;
 672              		.loc 1 404 3 view .LVU213
 404:Core/Src/main.c ****   huart2.Init.BaudRate = 115200;
 673              		.loc 1 404 19 is_stmt 0 view .LVU214
 674 0002 0A48     		ldr	r0, .L49
 675 0004 0A4B     		ldr	r3, .L49+4
 676 0006 0360     		str	r3, [r0]
 405:Core/Src/main.c ****   huart2.Init.WordLength = UART_WORDLENGTH_8B;
 677              		.loc 1 405 3 is_stmt 1 view .LVU215
 405:Core/Src/main.c ****   huart2.Init.WordLength = UART_WORDLENGTH_8B;
 678              		.loc 1 405 24 is_stmt 0 view .LVU216
 679 0008 4FF4E133 		mov	r3, #115200
 680 000c 4360     		str	r3, [r0, #4]
 406:Core/Src/main.c ****   huart2.Init.StopBits = UART_STOPBITS_1;
 681              		.loc 1 406 3 is_stmt 1 view .LVU217
 406:Core/Src/main.c ****   huart2.Init.StopBits = UART_STOPBITS_1;
 682              		.loc 1 406 26 is_stmt 0 view .LVU218
 683 000e 0023     		movs	r3, #0
 684 0010 8360     		str	r3, [r0, #8]
 407:Core/Src/main.c ****   huart2.Init.Parity = UART_PARITY_NONE;
 685              		.loc 1 407 3 is_stmt 1 view .LVU219
 407:Core/Src/main.c ****   huart2.Init.Parity = UART_PARITY_NONE;
 686              		.loc 1 407 24 is_stmt 0 view .LVU220
 687 0012 C360     		str	r3, [r0, #12]
 408:Core/Src/main.c ****   huart2.Init.Mode = UART_MODE_TX_RX;
 688              		.loc 1 408 3 is_stmt 1 view .LVU221
 408:Core/Src/main.c ****   huart2.Init.Mode = UART_MODE_TX_RX;
 689              		.loc 1 408 22 is_stmt 0 view .LVU222
 690 0014 0361     		str	r3, [r0, #16]
 409:Core/Src/main.c ****   huart2.Init.HwFlowCtl = UART_HWCONTROL_NONE;
 691              		.loc 1 409 3 is_stmt 1 view .LVU223
 409:Core/Src/main.c ****   huart2.Init.HwFlowCtl = UART_HWCONTROL_NONE;
 692              		.loc 1 409 20 is_stmt 0 view .LVU224
 693 0016 0C22     		movs	r2, #12
 694 0018 4261     		str	r2, [r0, #20]
 410:Core/Src/main.c ****   huart2.Init.OverSampling = UART_OVERSAMPLING_16;
 695              		.loc 1 410 3 is_stmt 1 view .LVU225
 410:Core/Src/main.c ****   huart2.Init.OverSampling = UART_OVERSAMPLING_16;
 696              		.loc 1 410 25 is_stmt 0 view .LVU226
 697 001a 8361     		str	r3, [r0, #24]
 411:Core/Src/main.c ****   if (HAL_UART_Init(&huart2) != HAL_OK)
 698              		.loc 1 411 3 is_stmt 1 view .LVU227
 411:Core/Src/main.c ****   if (HAL_UART_Init(&huart2) != HAL_OK)
 699              		.loc 1 411 28 is_stmt 0 view .LVU228
 700 001c C361     		str	r3, [r0, #28]
 412:Core/Src/main.c ****   {
ARM GAS  /tmp/cc8wgXJU.s 			page 42


 701              		.loc 1 412 3 is_stmt 1 view .LVU229
 412:Core/Src/main.c ****   {
 702              		.loc 1 412 7 is_stmt 0 view .LVU230
 703 001e FFF7FEFF 		bl	HAL_UART_Init
 704              	.LVL20:
 412:Core/Src/main.c ****   {
 705              		.loc 1 412 6 view .LVU231
 706 0022 00B9     		cbnz	r0, .L48
 420:Core/Src/main.c **** 
 707              		.loc 1 420 1 view .LVU232
 708 0024 08BD     		pop	{r3, pc}
 709              	.L48:
 414:Core/Src/main.c ****   }
 710              		.loc 1 414 5 is_stmt 1 view .LVU233
 711 0026 FFF7FEFF 		bl	Error_Handler
 712              	.LVL21:
 713              	.L50:
 714 002a 00BF     		.align	2
 715              	.L49:
 716 002c 00000000 		.word	.LANCHOR5
 717 0030 00440040 		.word	1073759232
 718              		.cfi_endproc
 719              	.LFE141:
 721              		.section	.text.MX_USART3_UART_Init,"ax",%progbits
 722              		.align	1
 723              		.syntax unified
 724              		.thumb
 725              		.thumb_func
 726              		.fpu fpv4-sp-d16
 728              	MX_USART3_UART_Init:
 729              	.LFB142:
 428:Core/Src/main.c **** 
 730              		.loc 1 428 1 view -0
 731              		.cfi_startproc
 732              		@ args = 0, pretend = 0, frame = 0
 733              		@ frame_needed = 0, uses_anonymous_args = 0
 734 0000 08B5     		push	{r3, lr}
 735              	.LCFI11:
 736              		.cfi_def_cfa_offset 8
 737              		.cfi_offset 3, -8
 738              		.cfi_offset 14, -4
 437:Core/Src/main.c ****   huart3.Init.BaudRate = 115200;
 739              		.loc 1 437 3 view .LVU235
 437:Core/Src/main.c ****   huart3.Init.BaudRate = 115200;
 740              		.loc 1 437 19 is_stmt 0 view .LVU236
 741 0002 0A48     		ldr	r0, .L55
 742 0004 0A4B     		ldr	r3, .L55+4
 743 0006 0360     		str	r3, [r0]
 438:Core/Src/main.c ****   huart3.Init.WordLength = UART_WORDLENGTH_8B;
 744              		.loc 1 438 3 is_stmt 1 view .LVU237
 438:Core/Src/main.c ****   huart3.Init.WordLength = UART_WORDLENGTH_8B;
 745              		.loc 1 438 24 is_stmt 0 view .LVU238
 746 0008 4FF4E133 		mov	r3, #115200
 747 000c 4360     		str	r3, [r0, #4]
 439:Core/Src/main.c ****   huart3.Init.StopBits = UART_STOPBITS_1;
 748              		.loc 1 439 3 is_stmt 1 view .LVU239
 439:Core/Src/main.c ****   huart3.Init.StopBits = UART_STOPBITS_1;
ARM GAS  /tmp/cc8wgXJU.s 			page 43


 749              		.loc 1 439 26 is_stmt 0 view .LVU240
 750 000e 0023     		movs	r3, #0
 751 0010 8360     		str	r3, [r0, #8]
 440:Core/Src/main.c ****   huart3.Init.Parity = UART_PARITY_NONE;
 752              		.loc 1 440 3 is_stmt 1 view .LVU241
 440:Core/Src/main.c ****   huart3.Init.Parity = UART_PARITY_NONE;
 753              		.loc 1 440 24 is_stmt 0 view .LVU242
 754 0012 C360     		str	r3, [r0, #12]
 441:Core/Src/main.c ****   huart3.Init.Mode = UART_MODE_TX_RX;
 755              		.loc 1 441 3 is_stmt 1 view .LVU243
 441:Core/Src/main.c ****   huart3.Init.Mode = UART_MODE_TX_RX;
 756              		.loc 1 441 22 is_stmt 0 view .LVU244
 757 0014 0361     		str	r3, [r0, #16]
 442:Core/Src/main.c ****   huart3.Init.HwFlowCtl = UART_HWCONTROL_NONE;
 758              		.loc 1 442 3 is_stmt 1 view .LVU245
 442:Core/Src/main.c ****   huart3.Init.HwFlowCtl = UART_HWCONTROL_NONE;
 759              		.loc 1 442 20 is_stmt 0 view .LVU246
 760 0016 0C22     		movs	r2, #12
 761 0018 4261     		str	r2, [r0, #20]
 443:Core/Src/main.c ****   huart3.Init.OverSampling = UART_OVERSAMPLING_16;
 762              		.loc 1 443 3 is_stmt 1 view .LVU247
 443:Core/Src/main.c ****   huart3.Init.OverSampling = UART_OVERSAMPLING_16;
 763              		.loc 1 443 25 is_stmt 0 view .LVU248
 764 001a 8361     		str	r3, [r0, #24]
 444:Core/Src/main.c ****   if (HAL_UART_Init(&huart3) != HAL_OK)
 765              		.loc 1 444 3 is_stmt 1 view .LVU249
 444:Core/Src/main.c ****   if (HAL_UART_Init(&huart3) != HAL_OK)
 766              		.loc 1 444 28 is_stmt 0 view .LVU250
 767 001c C361     		str	r3, [r0, #28]
 445:Core/Src/main.c ****   {
 768              		.loc 1 445 3 is_stmt 1 view .LVU251
 445:Core/Src/main.c ****   {
 769              		.loc 1 445 7 is_stmt 0 view .LVU252
 770 001e FFF7FEFF 		bl	HAL_UART_Init
 771              	.LVL22:
 445:Core/Src/main.c ****   {
 772              		.loc 1 445 6 view .LVU253
 773 0022 00B9     		cbnz	r0, .L54
 453:Core/Src/main.c **** 
 774              		.loc 1 453 1 view .LVU254
 775 0024 08BD     		pop	{r3, pc}
 776              	.L54:
 447:Core/Src/main.c ****   }
 777              		.loc 1 447 5 is_stmt 1 view .LVU255
 778 0026 FFF7FEFF 		bl	Error_Handler
 779              	.LVL23:
 780              	.L56:
 781 002a 00BF     		.align	2
 782              	.L55:
 783 002c 00000000 		.word	.LANCHOR6
 784 0030 00480040 		.word	1073760256
 785              		.cfi_endproc
 786              	.LFE142:
 788              		.section	.text.SystemClock_Config,"ax",%progbits
 789              		.align	1
 790              		.global	SystemClock_Config
 791              		.syntax unified
ARM GAS  /tmp/cc8wgXJU.s 			page 44


 792              		.thumb
 793              		.thumb_func
 794              		.fpu fpv4-sp-d16
 796              	SystemClock_Config:
 797              	.LFB135:
 132:Core/Src/main.c ****   RCC_OscInitTypeDef RCC_OscInitStruct = {0};
 798              		.loc 1 132 1 view -0
 799              		.cfi_startproc
 800              		@ args = 0, pretend = 0, frame = 80
 801              		@ frame_needed = 0, uses_anonymous_args = 0
 802 0000 00B5     		push	{lr}
 803              	.LCFI12:
 804              		.cfi_def_cfa_offset 4
 805              		.cfi_offset 14, -4
 806 0002 95B0     		sub	sp, sp, #84
 807              	.LCFI13:
 808              		.cfi_def_cfa_offset 88
 133:Core/Src/main.c ****   RCC_ClkInitTypeDef RCC_ClkInitStruct = {0};
 809              		.loc 1 133 3 view .LVU257
 133:Core/Src/main.c ****   RCC_ClkInitTypeDef RCC_ClkInitStruct = {0};
 810              		.loc 1 133 22 is_stmt 0 view .LVU258
 811 0004 3422     		movs	r2, #52
 812 0006 0021     		movs	r1, #0
 813 0008 07A8     		add	r0, sp, #28
 814 000a FFF7FEFF 		bl	memset
 815              	.LVL24:
 134:Core/Src/main.c **** 
 816              		.loc 1 134 3 is_stmt 1 view .LVU259
 134:Core/Src/main.c **** 
 817              		.loc 1 134 22 is_stmt 0 view .LVU260
 818 000e 0023     		movs	r3, #0
 819 0010 0293     		str	r3, [sp, #8]
 820 0012 0393     		str	r3, [sp, #12]
 821 0014 0493     		str	r3, [sp, #16]
 822 0016 0593     		str	r3, [sp, #20]
 823 0018 0693     		str	r3, [sp, #24]
 138:Core/Src/main.c ****   __HAL_PWR_VOLTAGESCALING_CONFIG(PWR_REGULATOR_VOLTAGE_SCALE1);
 824              		.loc 1 138 3 is_stmt 1 view .LVU261
 825              	.LBB10:
 138:Core/Src/main.c ****   __HAL_PWR_VOLTAGESCALING_CONFIG(PWR_REGULATOR_VOLTAGE_SCALE1);
 826              		.loc 1 138 3 view .LVU262
 827 001a 0093     		str	r3, [sp]
 138:Core/Src/main.c ****   __HAL_PWR_VOLTAGESCALING_CONFIG(PWR_REGULATOR_VOLTAGE_SCALE1);
 828              		.loc 1 138 3 view .LVU263
 829 001c 234A     		ldr	r2, .L65
 830 001e 116C     		ldr	r1, [r2, #64]
 831 0020 41F08051 		orr	r1, r1, #268435456
 832 0024 1164     		str	r1, [r2, #64]
 138:Core/Src/main.c ****   __HAL_PWR_VOLTAGESCALING_CONFIG(PWR_REGULATOR_VOLTAGE_SCALE1);
 833              		.loc 1 138 3 view .LVU264
 834 0026 126C     		ldr	r2, [r2, #64]
 835 0028 02F08052 		and	r2, r2, #268435456
 836 002c 0092     		str	r2, [sp]
 138:Core/Src/main.c ****   __HAL_PWR_VOLTAGESCALING_CONFIG(PWR_REGULATOR_VOLTAGE_SCALE1);
 837              		.loc 1 138 3 view .LVU265
 838 002e 009A     		ldr	r2, [sp]
 839              	.LBE10:
ARM GAS  /tmp/cc8wgXJU.s 			page 45


 138:Core/Src/main.c ****   __HAL_PWR_VOLTAGESCALING_CONFIG(PWR_REGULATOR_VOLTAGE_SCALE1);
 840              		.loc 1 138 3 view .LVU266
 139:Core/Src/main.c **** 
 841              		.loc 1 139 3 view .LVU267
 842              	.LBB11:
 139:Core/Src/main.c **** 
 843              		.loc 1 139 3 view .LVU268
 844 0030 0193     		str	r3, [sp, #4]
 139:Core/Src/main.c **** 
 845              		.loc 1 139 3 view .LVU269
 846 0032 1F4B     		ldr	r3, .L65+4
 847 0034 1A68     		ldr	r2, [r3]
 848 0036 42F44042 		orr	r2, r2, #49152
 849 003a 1A60     		str	r2, [r3]
 139:Core/Src/main.c **** 
 850              		.loc 1 139 3 view .LVU270
 851 003c 1B68     		ldr	r3, [r3]
 852 003e 03F44043 		and	r3, r3, #49152
 853 0042 0193     		str	r3, [sp, #4]
 139:Core/Src/main.c **** 
 854              		.loc 1 139 3 view .LVU271
 855 0044 019B     		ldr	r3, [sp, #4]
 856              	.LBE11:
 139:Core/Src/main.c **** 
 857              		.loc 1 139 3 view .LVU272
 144:Core/Src/main.c ****   RCC_OscInitStruct.HSEState = RCC_HSE_ON;
 858              		.loc 1 144 3 view .LVU273
 144:Core/Src/main.c ****   RCC_OscInitStruct.HSEState = RCC_HSE_ON;
 859              		.loc 1 144 36 is_stmt 0 view .LVU274
 860 0046 0123     		movs	r3, #1
 861 0048 0793     		str	r3, [sp, #28]
 145:Core/Src/main.c ****   RCC_OscInitStruct.PLL.PLLState = RCC_PLL_ON;
 862              		.loc 1 145 3 is_stmt 1 view .LVU275
 145:Core/Src/main.c ****   RCC_OscInitStruct.PLL.PLLState = RCC_PLL_ON;
 863              		.loc 1 145 30 is_stmt 0 view .LVU276
 864 004a 4FF48033 		mov	r3, #65536
 865 004e 0893     		str	r3, [sp, #32]
 146:Core/Src/main.c ****   RCC_OscInitStruct.PLL.PLLSource = RCC_PLLSOURCE_HSE;
 866              		.loc 1 146 3 is_stmt 1 view .LVU277
 146:Core/Src/main.c ****   RCC_OscInitStruct.PLL.PLLSource = RCC_PLLSOURCE_HSE;
 867              		.loc 1 146 34 is_stmt 0 view .LVU278
 868 0050 0223     		movs	r3, #2
 869 0052 0D93     		str	r3, [sp, #52]
 147:Core/Src/main.c ****   RCC_OscInitStruct.PLL.PLLM = 6;
 870              		.loc 1 147 3 is_stmt 1 view .LVU279
 147:Core/Src/main.c ****   RCC_OscInitStruct.PLL.PLLM = 6;
 871              		.loc 1 147 35 is_stmt 0 view .LVU280
 872 0054 4FF48002 		mov	r2, #4194304
 873 0058 0E92     		str	r2, [sp, #56]
 148:Core/Src/main.c ****   RCC_OscInitStruct.PLL.PLLN = 180;
 874              		.loc 1 148 3 is_stmt 1 view .LVU281
 148:Core/Src/main.c ****   RCC_OscInitStruct.PLL.PLLN = 180;
 875              		.loc 1 148 30 is_stmt 0 view .LVU282
 876 005a 0622     		movs	r2, #6
 877 005c 0F92     		str	r2, [sp, #60]
 149:Core/Src/main.c ****   RCC_OscInitStruct.PLL.PLLP = RCC_PLLP_DIV2;
 878              		.loc 1 149 3 is_stmt 1 view .LVU283
ARM GAS  /tmp/cc8wgXJU.s 			page 46


 149:Core/Src/main.c ****   RCC_OscInitStruct.PLL.PLLP = RCC_PLLP_DIV2;
 879              		.loc 1 149 30 is_stmt 0 view .LVU284
 880 005e B422     		movs	r2, #180
 881 0060 1092     		str	r2, [sp, #64]
 150:Core/Src/main.c ****   RCC_OscInitStruct.PLL.PLLQ = 7;
 882              		.loc 1 150 3 is_stmt 1 view .LVU285
 150:Core/Src/main.c ****   RCC_OscInitStruct.PLL.PLLQ = 7;
 883              		.loc 1 150 30 is_stmt 0 view .LVU286
 884 0062 1193     		str	r3, [sp, #68]
 151:Core/Src/main.c ****   RCC_OscInitStruct.PLL.PLLR = 2;
 885              		.loc 1 151 3 is_stmt 1 view .LVU287
 151:Core/Src/main.c ****   RCC_OscInitStruct.PLL.PLLR = 2;
 886              		.loc 1 151 30 is_stmt 0 view .LVU288
 887 0064 0722     		movs	r2, #7
 888 0066 1292     		str	r2, [sp, #72]
 152:Core/Src/main.c ****   if (HAL_RCC_OscConfig(&RCC_OscInitStruct) != HAL_OK)
 889              		.loc 1 152 3 is_stmt 1 view .LVU289
 152:Core/Src/main.c ****   if (HAL_RCC_OscConfig(&RCC_OscInitStruct) != HAL_OK)
 890              		.loc 1 152 30 is_stmt 0 view .LVU290
 891 0068 1393     		str	r3, [sp, #76]
 153:Core/Src/main.c ****   {
 892              		.loc 1 153 3 is_stmt 1 view .LVU291
 153:Core/Src/main.c ****   {
 893              		.loc 1 153 7 is_stmt 0 view .LVU292
 894 006a 07A8     		add	r0, sp, #28
 895 006c FFF7FEFF 		bl	HAL_RCC_OscConfig
 896              	.LVL25:
 153:Core/Src/main.c ****   {
 897              		.loc 1 153 6 view .LVU293
 898 0070 B0B9     		cbnz	r0, .L62
 160:Core/Src/main.c ****   {
 899              		.loc 1 160 3 is_stmt 1 view .LVU294
 160:Core/Src/main.c ****   {
 900              		.loc 1 160 7 is_stmt 0 view .LVU295
 901 0072 FFF7FEFF 		bl	HAL_PWREx_EnableOverDrive
 902              	.LVL26:
 160:Core/Src/main.c ****   {
 903              		.loc 1 160 6 view .LVU296
 904 0076 A8B9     		cbnz	r0, .L63
 167:Core/Src/main.c ****                               |RCC_CLOCKTYPE_PCLK1|RCC_CLOCKTYPE_PCLK2;
 905              		.loc 1 167 3 is_stmt 1 view .LVU297
 167:Core/Src/main.c ****                               |RCC_CLOCKTYPE_PCLK1|RCC_CLOCKTYPE_PCLK2;
 906              		.loc 1 167 31 is_stmt 0 view .LVU298
 907 0078 0F23     		movs	r3, #15
 908 007a 0293     		str	r3, [sp, #8]
 169:Core/Src/main.c ****   RCC_ClkInitStruct.AHBCLKDivider = RCC_SYSCLK_DIV1;
 909              		.loc 1 169 3 is_stmt 1 view .LVU299
 169:Core/Src/main.c ****   RCC_ClkInitStruct.AHBCLKDivider = RCC_SYSCLK_DIV1;
 910              		.loc 1 169 34 is_stmt 0 view .LVU300
 911 007c 0223     		movs	r3, #2
 912 007e 0393     		str	r3, [sp, #12]
 170:Core/Src/main.c ****   RCC_ClkInitStruct.APB1CLKDivider = RCC_HCLK_DIV4;
 913              		.loc 1 170 3 is_stmt 1 view .LVU301
 170:Core/Src/main.c ****   RCC_ClkInitStruct.APB1CLKDivider = RCC_HCLK_DIV4;
 914              		.loc 1 170 35 is_stmt 0 view .LVU302
 915 0080 0023     		movs	r3, #0
 916 0082 0493     		str	r3, [sp, #16]
ARM GAS  /tmp/cc8wgXJU.s 			page 47


 171:Core/Src/main.c ****   RCC_ClkInitStruct.APB2CLKDivider = RCC_HCLK_DIV2;
 917              		.loc 1 171 3 is_stmt 1 view .LVU303
 171:Core/Src/main.c ****   RCC_ClkInitStruct.APB2CLKDivider = RCC_HCLK_DIV2;
 918              		.loc 1 171 36 is_stmt 0 view .LVU304
 919 0084 4FF4A053 		mov	r3, #5120
 920 0088 0593     		str	r3, [sp, #20]
 172:Core/Src/main.c **** 
 921              		.loc 1 172 3 is_stmt 1 view .LVU305
 172:Core/Src/main.c **** 
 922              		.loc 1 172 36 is_stmt 0 view .LVU306
 923 008a 4FF48053 		mov	r3, #4096
 924 008e 0693     		str	r3, [sp, #24]
 174:Core/Src/main.c ****   {
 925              		.loc 1 174 3 is_stmt 1 view .LVU307
 174:Core/Src/main.c ****   {
 926              		.loc 1 174 7 is_stmt 0 view .LVU308
 927 0090 0521     		movs	r1, #5
 928 0092 02A8     		add	r0, sp, #8
 929 0094 FFF7FEFF 		bl	HAL_RCC_ClockConfig
 930              	.LVL27:
 174:Core/Src/main.c ****   {
 931              		.loc 1 174 6 view .LVU309
 932 0098 30B9     		cbnz	r0, .L64
 178:Core/Src/main.c **** 
 933              		.loc 1 178 1 view .LVU310
 934 009a 15B0     		add	sp, sp, #84
 935              	.LCFI14:
 936              		.cfi_remember_state
 937              		.cfi_def_cfa_offset 4
 938              		@ sp needed
 939 009c 5DF804FB 		ldr	pc, [sp], #4
 940              	.L62:
 941              	.LCFI15:
 942              		.cfi_restore_state
 155:Core/Src/main.c ****   }
 943              		.loc 1 155 5 is_stmt 1 view .LVU311
 944 00a0 FFF7FEFF 		bl	Error_Handler
 945              	.LVL28:
 946              	.L63:
 162:Core/Src/main.c ****   }
 947              		.loc 1 162 5 view .LVU312
 948 00a4 FFF7FEFF 		bl	Error_Handler
 949              	.LVL29:
 950              	.L64:
 176:Core/Src/main.c ****   }
 951              		.loc 1 176 5 view .LVU313
 952 00a8 FFF7FEFF 		bl	Error_Handler
 953              	.LVL30:
 954              	.L66:
 955              		.align	2
 956              	.L65:
 957 00ac 00380240 		.word	1073887232
 958 00b0 00700040 		.word	1073770496
 959              		.cfi_endproc
 960              	.LFE135:
 962              		.section	.text.main,"ax",%progbits
 963              		.align	1
ARM GAS  /tmp/cc8wgXJU.s 			page 48


 964              		.global	main
 965              		.syntax unified
 966              		.thumb
 967              		.thumb_func
 968              		.fpu fpv4-sp-d16
 970              	main:
 971              	.LFB134:
  81:Core/Src/main.c **** 
 972              		.loc 1 81 1 view -0
 973              		.cfi_startproc
 974              		@ Volatile: function does not return.
 975              		@ args = 0, pretend = 0, frame = 0
 976              		@ frame_needed = 0, uses_anonymous_args = 0
 977 0000 08B5     		push	{r3, lr}
 978              	.LCFI16:
 979              		.cfi_def_cfa_offset 8
 980              		.cfi_offset 3, -8
 981              		.cfi_offset 14, -4
  90:Core/Src/main.c **** 
 982              		.loc 1 90 3 view .LVU315
 983 0002 FFF7FEFF 		bl	HAL_Init
 984              	.LVL31:
  97:Core/Src/main.c **** 
 985              		.loc 1 97 3 view .LVU316
 986 0006 FFF7FEFF 		bl	SystemClock_Config
 987              	.LVL32:
 104:Core/Src/main.c ****   MX_CAN1_Init();
 988              		.loc 1 104 3 view .LVU317
 989 000a FFF7FEFF 		bl	MX_GPIO_Init
 990              	.LVL33:
 105:Core/Src/main.c ****   MX_CAN2_Init();
 991              		.loc 1 105 3 view .LVU318
 992 000e FFF7FEFF 		bl	MX_CAN1_Init
 993              	.LVL34:
 106:Core/Src/main.c ****   MX_TIM1_Init();
 994              		.loc 1 106 3 view .LVU319
 995 0012 FFF7FEFF 		bl	MX_CAN2_Init
 996              	.LVL35:
 107:Core/Src/main.c ****   MX_UART4_Init();
 997              		.loc 1 107 3 view .LVU320
 998 0016 FFF7FEFF 		bl	MX_TIM1_Init
 999              	.LVL36:
 108:Core/Src/main.c ****   MX_USART1_UART_Init();
 1000              		.loc 1 108 3 view .LVU321
 1001 001a FFF7FEFF 		bl	MX_UART4_Init
 1002              	.LVL37:
 109:Core/Src/main.c ****   MX_USART2_UART_Init();
 1003              		.loc 1 109 3 view .LVU322
 1004 001e FFF7FEFF 		bl	MX_USART1_UART_Init
 1005              	.LVL38:
 110:Core/Src/main.c ****   MX_USART3_UART_Init();
 1006              		.loc 1 110 3 view .LVU323
 1007 0022 FFF7FEFF 		bl	MX_USART2_UART_Init
 1008              	.LVL39:
 111:Core/Src/main.c ****   /* USER CODE BEGIN 2 */
 1009              		.loc 1 111 3 view .LVU324
 1010 0026 FFF7FEFF 		bl	MX_USART3_UART_Init
ARM GAS  /tmp/cc8wgXJU.s 			page 49


 1011              	.LVL40:
 1012              	.L68:
 118:Core/Src/main.c ****   {
 1013              		.loc 1 118 3 discriminator 1 view .LVU325
 123:Core/Src/main.c ****   /* USER CODE END 3 */
 1014              		.loc 1 123 3 discriminator 1 view .LVU326
 118:Core/Src/main.c ****   {
 1015              		.loc 1 118 9 discriminator 1 view .LVU327
 1016 002a FEE7     		b	.L68
 1017              		.cfi_endproc
 1018              	.LFE134:
 1020              		.global	huart3
 1021              		.global	huart2
 1022              		.global	huart1
 1023              		.global	huart4
 1024              		.global	htim1
 1025              		.global	hcan2
 1026              		.global	hcan1
 1027              		.section	.bss.hcan1,"aw",%nobits
 1028              		.align	2
 1029              		.set	.LANCHOR0,. + 0
 1032              	hcan1:
 1033 0000 00000000 		.space	40
 1033      00000000 
 1033      00000000 
 1033      00000000 
 1033      00000000 
 1034              		.section	.bss.hcan2,"aw",%nobits
 1035              		.align	2
 1036              		.set	.LANCHOR1,. + 0
 1039              	hcan2:
 1040 0000 00000000 		.space	40
 1040      00000000 
 1040      00000000 
 1040      00000000 
 1040      00000000 
 1041              		.section	.bss.htim1,"aw",%nobits
 1042              		.align	2
 1043              		.set	.LANCHOR2,. + 0
 1046              	htim1:
 1047 0000 00000000 		.space	72
 1047      00000000 
 1047      00000000 
 1047      00000000 
 1047      00000000 
 1048              		.section	.bss.huart1,"aw",%nobits
 1049              		.align	2
 1050              		.set	.LANCHOR4,. + 0
 1053              	huart1:
 1054 0000 00000000 		.space	72
 1054      00000000 
 1054      00000000 
 1054      00000000 
 1054      00000000 
 1055              		.section	.bss.huart2,"aw",%nobits
 1056              		.align	2
 1057              		.set	.LANCHOR5,. + 0
ARM GAS  /tmp/cc8wgXJU.s 			page 50


 1060              	huart2:
 1061 0000 00000000 		.space	72
 1061      00000000 
 1061      00000000 
 1061      00000000 
 1061      00000000 
 1062              		.section	.bss.huart3,"aw",%nobits
 1063              		.align	2
 1064              		.set	.LANCHOR6,. + 0
 1067              	huart3:
 1068 0000 00000000 		.space	72
 1068      00000000 
 1068      00000000 
 1068      00000000 
 1068      00000000 
 1069              		.section	.bss.huart4,"aw",%nobits
 1070              		.align	2
 1071              		.set	.LANCHOR3,. + 0
 1074              	huart4:
 1075 0000 00000000 		.space	72
 1075      00000000 
 1075      00000000 
 1075      00000000 
 1075      00000000 
 1076              		.text
 1077              	.Letext0:
 1078              		.file 3 "/usr/lib/gcc/arm-none-eabi/10.3.1/include/stdint.h"
 1079              		.file 4 "Drivers/CMSIS/Device/ST/STM32F4xx/Include/stm32f446xx.h"
 1080              		.file 5 "Drivers/CMSIS/Device/ST/STM32F4xx/Include/stm32f4xx.h"
 1081              		.file 6 "Drivers/STM32F4xx_HAL_Driver/Inc/stm32f4xx_hal_def.h"
 1082              		.file 7 "Drivers/STM32F4xx_HAL_Driver/Inc/stm32f4xx_hal_rcc_ex.h"
 1083              		.file 8 "Drivers/STM32F4xx_HAL_Driver/Inc/stm32f4xx_hal_rcc.h"
 1084              		.file 9 "Drivers/STM32F4xx_HAL_Driver/Inc/stm32f4xx_hal_dma.h"
 1085              		.file 10 "Drivers/STM32F4xx_HAL_Driver/Inc/stm32f4xx_hal_can.h"
 1086              		.file 11 "Drivers/STM32F4xx_HAL_Driver/Inc/stm32f4xx_hal_tim.h"
 1087              		.file 12 "Drivers/STM32F4xx_HAL_Driver/Inc/stm32f4xx_hal_uart.h"
 1088              		.file 13 "Drivers/STM32F4xx_HAL_Driver/Inc/stm32f4xx_hal_tim_ex.h"
 1089              		.file 14 "Core/Inc/main.h"
 1090              		.file 15 "Drivers/STM32F4xx_HAL_Driver/Inc/stm32f4xx_hal_pwr_ex.h"
 1091              		.file 16 "Drivers/STM32F4xx_HAL_Driver/Inc/stm32f4xx_hal.h"
 1092              		.file 17 "<built-in>"
ARM GAS  /tmp/cc8wgXJU.s 			page 51


DEFINED SYMBOLS
                            *ABS*:0000000000000000 main.c
     /tmp/cc8wgXJU.s:18     .text.MX_GPIO_Init:0000000000000000 $t
     /tmp/cc8wgXJU.s:25     .text.MX_GPIO_Init:0000000000000000 MX_GPIO_Init
     /tmp/cc8wgXJU.s:111    .text.MX_GPIO_Init:000000000000005c $d
     /tmp/cc8wgXJU.s:116    .text.Error_Handler:0000000000000000 $t
     /tmp/cc8wgXJU.s:123    .text.Error_Handler:0000000000000000 Error_Handler
     /tmp/cc8wgXJU.s:155    .text.MX_CAN1_Init:0000000000000000 $t
     /tmp/cc8wgXJU.s:161    .text.MX_CAN1_Init:0000000000000000 MX_CAN1_Init
     /tmp/cc8wgXJU.s:231    .text.MX_CAN1_Init:000000000000003c $d
     /tmp/cc8wgXJU.s:237    .text.MX_CAN2_Init:0000000000000000 $t
     /tmp/cc8wgXJU.s:243    .text.MX_CAN2_Init:0000000000000000 MX_CAN2_Init
     /tmp/cc8wgXJU.s:313    .text.MX_CAN2_Init:000000000000003c $d
     /tmp/cc8wgXJU.s:319    .text.MX_TIM1_Init:0000000000000000 $t
     /tmp/cc8wgXJU.s:325    .text.MX_TIM1_Init:0000000000000000 MX_TIM1_Init
     /tmp/cc8wgXJU.s:515    .text.MX_TIM1_Init:00000000000000b8 $d
     /tmp/cc8wgXJU.s:521    .text.MX_UART4_Init:0000000000000000 $t
     /tmp/cc8wgXJU.s:527    .text.MX_UART4_Init:0000000000000000 MX_UART4_Init
     /tmp/cc8wgXJU.s:582    .text.MX_UART4_Init:000000000000002c $d
     /tmp/cc8wgXJU.s:588    .text.MX_USART1_UART_Init:0000000000000000 $t
     /tmp/cc8wgXJU.s:594    .text.MX_USART1_UART_Init:0000000000000000 MX_USART1_UART_Init
     /tmp/cc8wgXJU.s:649    .text.MX_USART1_UART_Init:000000000000002c $d
     /tmp/cc8wgXJU.s:655    .text.MX_USART2_UART_Init:0000000000000000 $t
     /tmp/cc8wgXJU.s:661    .text.MX_USART2_UART_Init:0000000000000000 MX_USART2_UART_Init
     /tmp/cc8wgXJU.s:716    .text.MX_USART2_UART_Init:000000000000002c $d
     /tmp/cc8wgXJU.s:722    .text.MX_USART3_UART_Init:0000000000000000 $t
     /tmp/cc8wgXJU.s:728    .text.MX_USART3_UART_Init:0000000000000000 MX_USART3_UART_Init
     /tmp/cc8wgXJU.s:783    .text.MX_USART3_UART_Init:000000000000002c $d
     /tmp/cc8wgXJU.s:789    .text.SystemClock_Config:0000000000000000 $t
     /tmp/cc8wgXJU.s:796    .text.SystemClock_Config:0000000000000000 SystemClock_Config
     /tmp/cc8wgXJU.s:957    .text.SystemClock_Config:00000000000000ac $d
     /tmp/cc8wgXJU.s:963    .text.main:0000000000000000 $t
     /tmp/cc8wgXJU.s:970    .text.main:0000000000000000 main
     /tmp/cc8wgXJU.s:1067   .bss.huart3:0000000000000000 huart3
     /tmp/cc8wgXJU.s:1060   .bss.huart2:0000000000000000 huart2
     /tmp/cc8wgXJU.s:1053   .bss.huart1:0000000000000000 huart1
     /tmp/cc8wgXJU.s:1074   .bss.huart4:0000000000000000 huart4
     /tmp/cc8wgXJU.s:1046   .bss.htim1:0000000000000000 htim1
     /tmp/cc8wgXJU.s:1039   .bss.hcan2:0000000000000000 hcan2
     /tmp/cc8wgXJU.s:1032   .bss.hcan1:0000000000000000 hcan1
     /tmp/cc8wgXJU.s:1028   .bss.hcan1:0000000000000000 $d
     /tmp/cc8wgXJU.s:1035   .bss.hcan2:0000000000000000 $d
     /tmp/cc8wgXJU.s:1042   .bss.htim1:0000000000000000 $d
     /tmp/cc8wgXJU.s:1049   .bss.huart1:0000000000000000 $d
     /tmp/cc8wgXJU.s:1056   .bss.huart2:0000000000000000 $d
     /tmp/cc8wgXJU.s:1063   .bss.huart3:0000000000000000 $d
     /tmp/cc8wgXJU.s:1070   .bss.huart4:0000000000000000 $d

UNDEFINED SYMBOLS
HAL_CAN_Init
memset
HAL_TIM_PWM_Init
HAL_TIMEx_MasterConfigSynchronization
HAL_TIM_PWM_ConfigChannel
HAL_TIMEx_ConfigBreakDeadTime
HAL_TIM_MspPostInit
HAL_UART_Init
ARM GAS  /tmp/cc8wgXJU.s 			page 52


HAL_RCC_OscConfig
HAL_PWREx_EnableOverDrive
HAL_RCC_ClockConfig
HAL_Init
